Simplified_Text,Traditional_Text,English_Text,Japanese_Text,Korean_Text
我是拥有时间力量的克罗洛丝，请……请让我为了这个世界奉献出自己的力量吧！,"我是擁有時間力量的克羅洛絲,請...請讓我為了這個世界奉獻出自己的力量吧!",I'm krollos with the power of time. Please... Please let me contribute my strength to the world!,私は時間の力を持っているクロックスです。この世界のために自分の力を捧げさせてください。,저는 시간의 힘을 가진 클로스입니다. 제발... 제가 이 세상을 위해 자신의 힘을 바칠 수 있게 해주세요!
尤缇迦大人最近非常忙碌，我要乖乖的才行。,"尤緹迦大人最近非常忙碌,我要乖乖的才行.","Lord Utica has been very busy lately, and I must behave myself.",ユティガ様は最近とても忙しいです。おとなしくしています。,유티가 님은 요즘 바쁘시니 얌전히 있어야겠어요.
不够成熟的我有没有好好帮到城主大人与各位同伴呢？,不夠成熟的我有沒有好好幫到城主大人與各位同伴呢?,Have I helped the Lord and other companions?,未熟な私は、城主様と仲間の皆様を助けてあげましたか？,성숙하지 못한 제가 성주님과 동료 여러분을 잘 도와드렸나요?
时间的力量并不是凡人能够掌控的，我会努力学习的。,"時間的力量並不是凡人能夠掌控的,我會努力學習的.",The power of time is not under the control of mortals. I will study hard,時間の力は凡人が掌握することができるのではありませんて、私は努力して学ぶことができます。,시간의 힘은 인간이 통제할 수 있는 것이 아닙니다.
我是辛，还要请阁下多多关照。,"我是辛,還要請閣下多多關照.",I'm Shin and I'd appreciate your kind attention.,シンです、よろしくお願いします。,제 이름은 신입니다. 잘 부탁드립니다.
左眼吗？这是圣女的印记呢。,左眼嗎?這是聖女的印記呢.,Left eye? This is the mark of the virgin of death,左目？これは聖女の印です。,왼쪽 눈이요? 성녀의 표식인데..
听，这是……灵魂的歌声。,"聽,這是...靈魂的歌聲.","Listen, this is the song of the soul",聞いてください、これは...魂の歌です。,"들어봐, 이건.. 영혼의 노랫소리야."
阁下，请不要靠近我，会带来不幸的。,"閣下,請不要靠近我,會帶來不幸的.","Lord, please stay away from me. It will bring misfortune",閣下、私に近づかないでください。不幸をもたらします。,"각하, 나에게 접근하지 마십시오. 불운을 가져올 것이니."
我可不会帮那些脆弱的小鬼。,我可不會幫那些脆弱的小鬼.,I'm not going to help those vulnerable kids,あの弱いガキどもを助けるつもりはない。,나는 그런 약한 녀석들을 도와주지 않을거야.
后辈，你比我想象中有趣。,"後輩,妳比我想象中有趣.","You are more interesting than I thought, my younger generation",後輩、あなたは思ったより面白いです。,"후배 님, 생각보다 재밌으시네요."
嗯？海芙约特那小鬼又在干嘛？,嗯?海芙約特那小鬼又在幹嘛?,"Well, what's up with the little kid Heffyote?",えっと？海芙約束特のちびは何をしていますか？,응? 헤프루트 녀석은 또 뭐하는거야?
人家真的17岁，你有意见？,"人家真的17歲,妳有意見?",I'm really 17 years old. Do you have any opinion?,17歳です。ご意見がありますか？,"나 정말 17살인데, 불만있어?"
在下名为清真纪，略懂一点剑术。,"在下名為清真紀,略懂一點劍術.",My name is SEI Maki. I know a little about swordsmanship,次の名前は清真紀です。剣道は少し分かります。,청진기의 이름 하에 있는 자로서 검술을 조금 알고 있습니다.
极致的剑道才是我生命的尽头。,極致的劍道才是我生命的盡頭.,The ultimate sword is the end of my life,究極の剣道こそ私の命の果てです。,최고의 검도야 말로 내 삶의 끝이다.
优雅而美丽的剑术吗？,優雅而美麗的劍術嗎?,Is it elegant and beautiful?,優雅で美しい剣術ですか？,우아하고 아름다운 검술이요?
心中有剑便是“一切即剑”。,"心中有劍便是""一切即劍"".","Having a sword in mind is ""everything is a sword.""",心の中に剣があるのはすべて剣です。,"마음속에 검이 있는 것이 곧 ""모든 것이 검이다.""는 뜻이다"
我将成为您手中最锋利的剑，我将成为您身前最坚固的盾。,我將成為您手中最鋒利的劍，我將成為您身前最堅固的盾。,I would be the sharpest sword in your hand and the strongest shield in front of you.,あなたの最も鋭い剣となり、最強の盾となります。,"나는 당신 손에 가장 날카로운 검이 되고, 당신 앞에 가장 견고한 방패가 될 것입니다."
唯有拥有强健的体魄加上聪慧的心灵，才能完成被托付的使命。,"唯有擁有強健的體魄加上聰慧的心靈,才能完成被托付的使命.",Only with a strong body and a wise mind can you fulfill the mission entrusted to you,強靭な肉体と賢明な知見があったこそ、たくされた使命を果たすことができます。,강건한 신체와 지혜로운 마음을 가져야만 맡겨진 사명을 완수할 수 있습니다.
其实我并不是一名上校，我只是一个举着旗帜命令士兵前往战场的家伙。,"其實我並不是一名上校,我只是一個舉著旗幟命令士兵前往戰場的家夥.","In fact, I'm not a colonel. I'm just a guy holding a flag and ordering soldiers to go to the battlefield.",キャプテンなんかじゃありません。私はただ、旗を掲げて兵士達を戦場に導く者です。,사실 저는 대령이 아니고 깃발을 들고 전쟁터로 나가라고 명령한 자일 뿐입니다.
目前最重要的任务是消灭魔物，维持世界正常运作。,"目前最重要的任務是消滅魔物,維持世界正常運作.",The most important task at the moment is to destroy evil spirits and keep the world running.,今肝心なのは魔物の殲滅(せんめつ)、世界の秩序を守ることです。,지금 가장 중요한 임무는 마물을 없애고 세계의 정상적인 운행을 유지하는 것이다.
德莉法前来报到，以后请多关照。,"德莉法前來報到,以後請多關照","Derifa is here to report, please take care of me in the future",テレファが到着しました。これからよろしくお願いします。,드리파도 앞으로 잘 부탁드립니다.
什么事？我知道了立刻执行。,什麽事?我知道了立刻執行.,What? I know it to be carried out immediately,何ですか？分かりました。すぐ実行します。,무슨 일이야? 알겠어. 당장 진행해.
明天，和娜娜酱约好了要去逛街，请批准休假。,"明天,和娜娜醤約好了要去逛街,請批準休假","Tomorrow, I have an appointment with Nana to go shopping. Please approve the vacation",明日、ナナ醤油と買い物に行くと約束しました。休暇を許可してください。,"내일, 나나랑 쇼핑가기로 했으니까 휴가 허락해 주세요."
这个？这是娜娜酱送我的发饰，是成对的呢，是我珍贵的宝物。,"這個?這是娜娜醤送我的發飾,是成對的呢,是我珍貴的寶物.",This? This is Nana's hair ornament. It's a pair. It's my precious treasure,これはナナ醤油からもらった髪飾りです。ペアですか？私の大切な宝物です。,"이거? 이거 나나가 선물해 준 머리 장식인데, 내 소중한 보물이야."
你们看见姐姐了吗？我说好要保护她的……,妳們看見姐姐了嗎?我說好要保護她的..,Have you seen your sister? I promised to protect her...,お姉さんを見ましたか？彼女を守ると約束しました。,언니 보셨어요? 제가 지켜주기로 했는데...
城主大人要不要尝尝我做的蛋糕，嘻嘻，姐姐说还不错哦。,"城主大人要不要嘗嘗我做的蛋糕,嘻嘻,姐姐說還不錯哦.","Lord, would you like to try my cake? Hee, sister said it was good",城主様は私の作ったケーキを食べてみませんか？,"성주님, 제가 만든 케이크 드셔보실래요?"
姐姐其实非常非常可爱的哦。,姐姐其實非常非常可愛的哦.,"The elder sister is actually very, very lovely.",お姉さんは実はとても可愛いですよ。,언니는 사실 완전완전 귀여운데요.
能从那场灾难中逃出来已经很幸福了，希望姐姐也能感受到幸福。,"能從那場災難中逃出來已經很幸福了,希望姐姐也能感受到幸福.",I'm very happy to escape from that disaster. I hope my sister can also feel happy,あの災害から逃げられて幸せです。姉も幸せを感じてほしいです。,그 재난에서 벗어날 수 있었다는 것 만으로도 행복해. 언니도 행복했으면 좋겠다.
唉！为什么一直盯着我的耳朵看啊， 城主大人难道从未见过精灵吗？,"唉!為什麽一直盯著我的耳朵看啊, 城主大人難道從未見過精靈嗎?",Ah! Why have you been staring at my ears? Has the Lord never seen an elf?,えっと、どうして私の耳をじっと見ていますか？城主様は精霊を見たことがないですか？,"어머! 왜 자꾸 내 귀를 뚫어지게 쳐다보세요, 성주님은 엘프를 본 적이 없나요?"
冲呀！我们一起扬帆起航！,沖呀!我們一起揚帆起航!,Rush! Let's sail together!,一緒に帆を上げて出航します。,돌격! 우리 함께 돛을 올려 출항합시다!
城主阁下我看见了哦，你是想摸我的耳朵吧，一定是的吧！,"城主閣下我看見了哦,妳是想摸我的耳朵吧,一定是的吧!","I see it, Lord. You want to touch my ear. It must be!",城主閣下を見ましたよ。私の耳を触りたいですよね。きっとそうでしょう。,"성주님, 제가 봤습니다. 제 귀를 만지려고 하시는 군요. 그렇겠죠."
我的朋友们，不知道此刻大海是否依然风平浪静，愿众神保佑他们。,"我的朋友們,不知道此刻大海是否依然風平浪靜,願眾神保佑他們.","My friends, I do not know whether the sea is still calm, may the gods bless them.",私の友達は今も海が穏やかかどうか分かりません。神々が彼らを守ってくれることを願っています。,"나의 친구들이여, 지금은 바다가 여전히 안정적일지 모르겠습니다, 신이시여 그들을 보호해주세요."
城主大人，我们一起努力吧！,"城主大人,我們一起努力吧!","Lord, let's work together!",城主さま、一緒に頑張りましょう！,"성주님, 우리 함께 노력합시다!"
那个……我大概也许……可以帮得上忙。,那個...我大概也許...可以幫得上忙.,Emm... I probably... I can help.,あの…私…お役に立てるかも知れません。,저.. 저는 아마.. 도움이 될거예요.
大海变幻莫测……出海时一定要小心。,大海變幻莫測...出海時一定要小心.,The sea is unpredictable... Must be careful when going out to sea,海は測り知れぬ、出航の際はどうか気をつけてください。,바다는 변화무쌍하니... 부디 바다로 나갈 때 조심해주세요.
风浪平息了。,風浪平息了.,The storm has subsided.,静まった,파도가 가라앉았다.
偶尔脱离繁重的政务出来放松一下，感觉还是很不错呢。,"偶爾脫離繁重的政務出來放松一下,感覺還是很不錯呢.",It's nice to take a break  from the heavy politics and relax in a while.,忙しい政務から離れて、たまにはリラックスするのも良いものです。,가끔씩 무거운 업무를 벗어나 모험가의 생활을 체험하며 휴식을 취하는 것도 좋을 것 같아요.
真是很好的天气呢，阁下要与我一起共享下午茶吗？,"真是很好的天氣呢,閣下要與我一起共享下午茶嗎?",It is a fine day. Will your Excellency join me for tea?,本当にいい天気ですね。午後のお茶を私と一緒に共有しますか？,정말 좋은 날씨군요. 귀하께서는 저와 함께 오후 차를 마셔주실건가요?
作为皇室成员我必须时刻为人族着想。,作為皇室成員我必須時刻為人族著想.,"As a member of the royal family, I must always be considerate of the human race.",皇室のメンバーとして、私はいつも家族のために考えなければなりません。,황실 구성원으로서 나는 항상 인간을 생각해야 하지만.
成为冒险者的时光真的非常快乐！,成為冒險者的時光真的非常快樂!,The time of becoming an adventurer is really happy!,冒険者になった時は本当に楽しかったです。,모험가가 된 시간은 정말 즐겁고!
要与我签订契约吗，任何愿望都能够实现的哦！,"要與我簽訂契約嗎,任何願望都能夠實現的哦!",Do you want to sign a contract with me? Any wish can come true!,私と契約しないか、どんな願いも叶えてあげるよ！,저와 계약하실래요? 모든 소망이 이루어지게 해드릴게요!
别人可以做到的事情，我也一定可以。,"別人可以做到的事情,我也一定可以.","Others can do, I can do.",他のやつにできること、私にも。,"다른 사람이 할 수 있는 일이라면, 나도 할 수 있어."
人类真是一个充满可能性的种族。,人類真是一個充滿可能性的種族.,Human beings are really a race full of possibilities.,人間って本当に可能性に満ちる生き物だなぁ。,인류는 정말 가능성이 큰 종족입니다.
请你不要担心，以后的路我会陪你走下去的。,"請妳不要擔心,以後的路我會陪妳走下去的.",Please don't worry. I will accompany you on the road in the future.,心配するな、これからの道は私が共に歩んで行くから。,걱정하지 마세요. 앞으로의 길에는 제가 당신의 곁에 있을게요.
我的契约者呦，异世界的生活是否让你满意呢？,"我的契約者呦,異世界的生活是否讓妳滿意呢?","My contractor, are you satisfied with the life in the different world?",私の契約者よ、異世界の生活はあなたを満足させますか？,"나의 계약자여, 이세계의 생활이 당신을 만족시키고 있나요?"
城主呦，即便是在拯救世界的途中也是需要娱乐的，要玩游戏吗。,"城主呦,即便是在拯救世界的途中也是需要娛樂的,要玩遊戲嗎.","Lord, even on the way to save the world, you need entertainment. Do you want to play games?",城主よ、世界を救う途中でも遊びが必要ですか？,"성주여, 세상을 구하는 중에도 즐거움은 필요하니 게임을 하시겠습니까?"
虽然不知道城主身上有什么魅力，但我老爹似乎非常看中你。,"雖然不知道城主身上有什麽魅力,但我老爹似乎非常看中妳.","Although I don't know the charm of you, my father seems to like you very much",城主の魅力は分かりませんが、お父さんはとても気に入っているようです。,"성주에게 무슨 매력이 있는 지는 모르겠지만, 우리 아버지는 성주를 무척이나 좋아하시는 것 같아."
不同的选择将造就不同的结果，城主呦，你今天选择吃什么呢？,"不同的選擇將造就不同的結果,城主呦,妳今天選擇吃什麽呢?","Different choices will lead to different results. You, city Lord, what do you choose to eat today?",異なった選択は違った結果を生みます。城主よ、今日は何を食べますか？,다른 선택은 다른 결과를 만들지. 성주는 오늘 뭐 먹을거?
忒菲丝，请多指教。,"忒菲絲,請多指教","Thefice,I would appreciate your comments.",どうぞよろしくお願いします。,테베스입니다. 잘 부탁드립니다.
啊……我……我不记得了。,啊..我..我不記得了.,Ah.. I.. I don't remember.,あ、私は覚えていません。,아.. 저.. 기억이 안나요..
落埃之城吗？那里或许是我的家乡。,落埃之城嗎?那裏或許是我的家鄉.,The lost city? It may be my hometown,エッグタウンですか？そこは私の故郷かもしれません。,낙애의 성이요? 거긴 아마 내 고향일 거예요.
如果我的舞能带给你幸福感也是好事一件。,如果我的舞能帶給妳幸福感也是好事一件.,"If my dance can bring you happiness, it's a good thing",私のダンスがあなたに幸福感を与えたらいいです。,내 춤이 너에게 행복감을 줄 수 있다면 좋겠다.
厄洛丝闪亮登场！,厄洛絲閃亮登場!,Eros is on stage!,アロスがキラキラ登場！,에로스의 깜짝 등장!
下次公演，大人会来吗？,"下次公演,大人會來嗎?","Lord,will you come next time?",次の公演は大人が来ますか？,다음 공연에 성주님 오실거에요?
改邪归正的话，就饶你一命。,"改邪歸正的話,就饒妳一命.",I'll spare your life if you correct your evil ways,足を洗って正道に戻れば、命を許します。,잘못을 뉘우치고 바른 길로 돌아가면 목숨만은 살려주겠다.
谢谢你的喜欢，我也很喜欢城主大人哟~~,"謝謝妳的喜歡,我也很喜歡城主大人喲~","Thank you for your liking. I also like you,my Lord of the city~",ありがとうございます。私も城主様が大好きです。,좋아해주셔서 감사합니다. 저도 성주님을 좋아해요.
您……您好，我是一名正在努力学习的女仆。,"您...您好,我是一名正在努力學習的女仆.","You that... Hello, I'm a maid who is studying hard.",ど…どうも、私はまだ見習い中のメイドです。,"안녕하세요, 저는 열심히 공부 하고 있는 하녀입니다."
城主大人，整座城堡都打扫完成了哦！,"城主大人,整座城堡都打掃完成了哦!","Lord, the whole castle has been cleaned up!",城主様、城全体のお掃除はお終わりましたよ！,"성주님, 성 전체 청소 완료했어요."
那么明天早餐您想吃什么呢？,那麽明天早餐您想吃什麽呢?,What would you like for breakfast tomorrow?,では明日の朝食は何になされますか？,그럼 내일 아침에 뭘 드시고 싶으신가요?
没有我一定会饿肚子的，照顾你也是我义不容辞的责任！,沒有我一定會餓肚子的，照顧你也是我義不容辭的責任！,"Without me, will surely starve to death. It is my bounden duty to take care of you!",私がいなければ、きっと食事もまともに取れないでしょう、城主様にお仕えするのも私の責任でございます。,저없이는 굶어죽을 거에요. 당신을 돌보는 것도 제 의무입니다!
想要战争的话，就来吧。,"想要戰爭的話,就來吧.","If you want war, come",戦争が欲しいなら、来い。,전쟁을 하고싶다면 와라.
背叛者们，终会被我处决。,"背叛者們,終會被我處決.","Traitors, I will execute.",裏切り者たちは、私に処刑される。,배신자들은 결국 내게 처형당할 것이다.
这简直疯了，阁下为什么把我当小孩子？,"這簡直瘋了,閣下為什麽把我當小孩子?",This is crazy. Why do you treat me as a child?,これはまったく気が狂ったようです。閣下はどうして私を子供にしますか？,이건 정말 미친 짓 입니다. 각하께서는 왜 저를 어린애로 생각하십니까?
轮回，便是秩序。,"生與死的輪回,這便是秩序.",The reincarnation of life and death is order,生と死の輪廻、これは秩序です。,"삶과 죽음의 윤회, 이것이 바로 질서다."
人偶零，人格程序重新生成中，请问你就是我的主人吗？,"人偶零,人格程序重新生成中,請問妳就是我的主人嗎?","Puppet Zero, personality program regeneration, are you my master?",人形ゼロ、人格プログラム再生成中ですが、あなたは私の主人ですか？,"인형 제로, 인격 프로그램 다시 생 성 중, 당신 이 나의 주인 입 니까?"
请下达指令……,請下達指令...,Please give orders...,指令を出してください。,명령을 내려주십시오...
“……主人……带我回家……”,...主人...帶我回家...',... The master... Take me home... ',…ご主人様…家に連れて帰ってください。,…주인 …집에 데려다 줘 …
确认指令，启动战斗模式“吾主至高，回归本源”……,"確認指令,啟動戰鬥模式'吾主至高,回歸本源'...",Confirm the command and start the combat mode,コマンドを確認して、戦闘モードを起動します。「吾主至高、本源に帰ります。」,"명령을 확인, 전투 모드를 시작합니다."
你想要什么？金钱？权力？还是……想成为我的阶下囚？,妳想要什麽?金錢?權利?還是..想成為我的食物?,What do you want? Money? Power? Or... Want to be my food?,お前は何が欲しい？金？権力？それとも…うちの奴隷になりたいの？,당신은 무엇을 원하세요? 돈? 권력? 아니면... 나의 포로가 되고 싶나요?
这是来自我的命令，成为我的侍从吧。,"這是來自我的命令,成為我的侍從吧.",This is an order from me. Be my squire.,命令だ、うちの召使いになってくれ。,고귀한 나의  명령이니 내 시종이 되어주게.
你可是我的下属，任何人敢对你不敬都要接受我的惩罚。,"妳可是我的下屬,任何人敢對妳不敬都要接受我的懲罰.",You are my subordinates. Anyone who dares to disrespect you will be punished by me,お前はうちの召使いなのよ、うちのものに不敬な奴には、容赦なく罰を与えるからな,너는 나의 부하이므로 누구라도 너에게 무례하게 굴면 나의 벌을 받아야 한다.
哼，最后你一定会跪在我面前祈求我将力量借给你的！,"哼,最後妳一定會跪在我面前祈求我將力量借給妳的!","Hum, at last you will kneel down in front of me and pray that I will lend you strength!",くっ、いまにみていろ、うちの前に跪いて、力を貸してって私に泣き付く日が絶対来るからな。,"흥, 결국 내 앞에 무릎꿇고 힘을 빌려달라고 빌게할거야!"
从此以后，斯蒂娜就是这艘船的船长了，大哥你有意见？？,"從此以後,斯蒂娜就是這艘船的船長了,大哥妳有意見嗎?","Since then, Stella is the captain of this ship. Do you have any comments, brother?",これから、スティーナはこの船の船長です。お兄さんは文句がありますか？,"그 후로 스티나가 이 배의 선장이 되었습니다. 형님, 이의있으십니까?"
出行之前船竟然不见了，我身为海盗船长岂不是很丢人？,"出行之前船竟然被偷了,我身為海盜船長豈不是很丟人?",The ship was stolen before I went out. Isn't it a shame for me to be a pirate captain?,出かける前に船が盗まれました。海賊船長として恥ずかしいですか？,"출항 전에 배를 도둑맞았다니, 해적 선장으로서 부끄럽다"
哦，想摸我的耳朵和尾巴？,"哦,想摸我的耳朵和尾巴?","Oh, if you want to touch my ears and tail?",えっと、私の耳としっぽを触りたいですか？,"오, 내 귀와 꼬리를 만지려고?"
贪财？你不会以为我真的是为了宝藏才想出海的吧。,貪財?妳不會以為我真的是為了寶藏才想出海的吧.,Greedy? You don't think I really want to go to sea for treasure,金をむさぼる？本当に宝のために海に行きたいとは思わないでしょう。,재물을 탐한다고? 설마 내가 정말 보물 때문에 바다로 나가려고 한다고 생각하는 건 아니지?
奶奶说这世间的聚散不可强求，我却仍然期待着与您的相遇。,"奶奶說這世間的聚散不可強求,我卻仍然期待著與您的相遇.","Grandma said that the world can not be forced to gather, but I still look forward to meeting you",おばあさんはこの世の中のがばらばらになって強要してはいけないと言って、私は依然としてあなたとの出会うことを期待しています。,"할머니는 이 세상이 뭉치고 흩어지는 건 어쩔 수 없다고 말씀하셨지만, 저는 여전히 당신과의 만남을 기대하고 있습니다."
您的苦恼山风都告诉我了，放轻松，会解决的。,"您的苦惱山風都告訴我了,放輕松,會解決的.",The wind has told me all your troubles. Take it easy and it will be solved,あなたの悩みは山風さんが教えてくれました。リラックスして解決します。,"당신의 고민은 산 바람에게 잘 들었습니다, 마음 편히 놓으세요. 해결할 수 있을 겁니다."
女巫的行踪可不能随便告诉别人哦。,女巫的行蹤可不能隨便告訴別人哦.,The witch's whereabouts can't be told to others casually,魔女の行方は勝手に教えてはいけませんよ。,소서러의 행방을 함부로 알려서는 안 됩니다.
倾听内心的声音，它会指引你找到自己。,"傾聽內心的聲音,它會指引妳找到自己.","Listen to your inner voice, it will guide you to find yourself",心の声を聞いて、自分を見つけてくれるように導いてくれます。,내면의 소리를 들으면 자신을 찾게 해줄 거에요.
我也希望与城主大人一样，拯救那些被困扰的人们。,"我也希望與城主大人一樣,拯救那些被困擾的人們.",I also hope to save those who are troubled like the Lord,私も城主様と同じように、困っている人たちを救いたいです。,저도 성주님처럼 고통받는 사람들을 살리고 싶어요.
我诞生之初，就被这个世界温柔以待。,"我誕生之初,就被這個世界溫柔以待.","At the beginning of my birth, I was treated by the world gently.",私は生まれた時からこの世界に優しく見られています。,"제가 태어났을 때, 세상은 저를 친절하게 대했습니다."
尤缇迦大人对我来说，是如同妈妈一样的存在。,"尤緹迦大人對我來說,是如同媽媽一樣的存在.",Lord Utica is a mother to me,ユティガ様は私にとってお母さんのような存在です。,유티가님은 저에게 어머니 같은 존재입니다.
城主阁下，如果你觉得热，可以握住我的手……嘻嘻，很冰吧。,"城主閣下,如果妳覺得熱,可以握住我的手...嘻嘻,很冰吧.","Lord, if you feel hot, you may hold my hand... Hee hee, very ice.",城主閣下、熱いと感じたら、私の手を握ってもいいです。,"성주님, 더우시면 제 손을 잡아주세요... 히히, 차갑죠?"
若您能赐予我力量，我将对您献上全部忠诚。,"若您能賜予我力量,我將對您獻上全部忠誠.","If you can give me strength, I will devote all my loyalty to you.",力を与えてくれれば、あなたに忠誠を尽くすつもりです。,"당신이 나에게 힘을 줄 수 있다면, 나는 당신에게 모든 충성을 바칠 것입니다."
莫里卡特，我要战胜他。,"莫裏卡特,我要戰勝他.","Molicat, I'm going to kill him.",モリッカートさん、彼に勝ちます。,"모리카트, 내가 꼭 이길거야."
背弃一切，只为完成我的宿命。,"背棄一切,只為完成我的宿命.","Abandon everything, only to complete my destiny",すべてを捨てて、私の宿命を完成するためだけに。,모든 것을 버리고 내 숙명을 이루기 위해.
笑？我为什么要浪费时间去练习这些无法提升力量的东西。,笑?我為什麽要浪費時間去練習這些無法提升力量的東西.,Laugh? Why should I waste my time practicing things that don't increase my strength?,なぜ私は時間を無駄にして、力が入らないものを練習しますか？,웃어? 내가 왜 이런 힘을 기를 수 없는 거 따위를 연습하느라 시간을 낭비해야되는거지...
向您致敬，阁下。,"向您致敬,閣下.","I salute you, lord",あなたに敬意を表します,"경의를 표합니다, 각하."
下厨房可不是我的强项。,下廚房可不是我的強項.,Cooking is not my forte.,台所に行くのは私の得意分野ではない。,요리는 내 분야가 아니다.
妖精们确实很会给人添麻烦。,妖精們確實很會給人添麻煩.,Goblins can be very troublesome indeed.,妖精達は確かに迷惑をかけます。,엘프들은 확실히 사람을 귀찮게 한다.
恶徒们一定不愿意遇见我。,惡徒們一定不願意遇見我.,The bad guys don't want to meet me.,悪党たちはきっと私に会いたくないです。,악당들은 나를 만나고 싶어하지 않을 것이다.
这位同学，有什么想问老师的尽管问吧。,"這位同學,有什麽想問老師的盡管問吧.","This classmate, have what to want to ask me to feel free to ask.",この学生、先生に聞きたいことがあったら、何でも聞いてください。,"학생, 선생님에게 묻고 싶은 것이 있으면 얼마든지 물어봐."
哈哈，城主大人，要来赛跑吗？我可以让您先跑十米哦！,"哈哈,城主大人,要來賽跑嗎?我可以讓您先跑十米哦!","Ha-ha, Lord, want to race? I can let you run ten meters first!",ハハ、城主様、競走に来ますか？10メートル先に走ってもいいですよ。,"하하, 성주님, 달리기 해보실래요? 먼저 10 미터는 뛸 수 있 게 해드릴게요!"
没有人能够跟得上我的速度，我绝对比那些长着鸡翅膀的兽人飞得快！,"沒有人能夠跟得上我的速--度,我絕對比那些長著雞翅膀的獸人飛的快!",No one can keep up with me. I am definitely faster than those orcs with chicken wings!,誰も私の速さについていけません。鶏肉の羽が生えた獣人より飛んだほうが速いです。,"아무도 나의 속도를 따라 올 수 없어, 나는 무조건 저 닭날개 달린 수인들보다 빨리 날거야!"
没有天赋的小朋友不建议学习风魔法哟。,沒有天賦的小朋友不建議學習風魔法喲.,Children without talent is not recommended to learn wind magic.,天賦のない子供は風の魔法を学ぶことを勧めませんよ。,천부적인 재능이 없는 어린이는 바람 마법을 안배우는 게 좋아요.
你就是城主吗？我海芙约特作为部落最强勇士希望成为与您并肩作战的伙伴。,妳就是城主嗎?我海芙約特作為部落最強勇士希望成為與您並肩作戰的夥伴.,"Are you the city Lord? As the strongest warrior of the tribe, I hope to be your partner",あなたが城主ですか？部落最強の勇士として、あなたと共に戦う仲間になりたいです。,당신이 성주였나요? 우리 헤프요테는 이 동네 최강의 용사로서 당신과 함께 싸우는 동료가 되고 싶습니다.
相处下来怎么看城主都不过是一个孩子嘛。,相處下來怎麽看城主都不過是一個孩子嘛.,"These days with the Lord of the city, I find you like a child",付き合ってみたらどうですか？城主は子供だけです。,함께 지내 보니 성주는 애기같아
只要信念坚定，就能在成为强者的道路上昂首向前！,"只要信念堅定,就能在成為強者的道路上昂首向前!","As long as you have a firm belief, you can move forward on the road to become a strong man.",強くなりた信念、強い者になる道を突き進むことができます。,강해지고 싶은 신념을 관철하면 강자가 되는 길에서 자신있게 앞으로 나아갈 수 있어!
这个链球可是克丽奥娜送给我的礼物哦，我的朋友给予我的第一份礼物。,"這個鏈球可是克麗奧娜送給我的禮物哦,我的朋友給予我的第一份禮物.","This hammer was a gift from Christina, the first gift my friend gave me.",このハンマー投げはクレオナからのプレゼントです。友達からの最初のプレゼントです。,이 체인볼은 크리오나가 내게 준 선물이야. 내 친구가 내게 준 첫번째 선물이야.
菲希丝，神示，协助，城主。,"菲希絲,神示,協助,城主.","Phoebus, Divinity, assist, Lord of the city.",フィーシー、神示、協力、城主。,"페이시스, 신의 계시, 협조, 성주."
请，安静。,"請,安靜.","Please, be quiet",静かにしてください,조용히 하세요.
小松鼠，永远的朋友。,"小松鼠,永遠的朋友.","Little squirrel, forever friend",リスちゃん、永遠の友達。,"아기 다람쥐, 영원한 친구."
城主大人，不用那么大声，我听得见。,"城主大人,不用那麽大聲,我聽得見.","Lord, not so loud, I can hear you.",城主様、そんなに大きな声でなくてもいいです。聞こえます。,"성주님, 그렇게 크게 말씀 안하셔도 됩니다. 다 들려요."
城主大人，我名为琳芙，受无尽森林意志的指引，来到此地为您提供帮助。,"城主大人,我名為琳芙,受無盡森林意誌的指引,來到此地為您提供幫助.","Lord, My name is Linfu. Guided by the will of endless forest, I come here to help you.",城主様、私はリーフと申します。無限の森の意志に導かれて、ここに来て助けてあげます。,"성주님, 저는 린푸라고 해요. 끝없는 숲의 의지에 따라 성주님께 도움을 드릴게요."
尊敬的城主大人，这些花朵是我身体的延伸，请……请您不要随意触碰她们。,"尊敬的城主大人,這些花朵是我身體的延伸,請...請請您不要隨意觸碰她們!","Dear Lord, these flowers are the extension of my body, please... Please don't touch them at will!",尊敬する城主様、これらの花は私の体の延長です。どうぞ、彼女たちに触らないでください。,"존경하는 성주님, 이 꽃들은 제 몸의 일부에요... 함부로 건드리지 마세요."
精灵们都非常向往自由，如果可以，我想回到森林。,"精靈們都非常向往自由,如果可以,我想回到森林.","Elves are very eager for freedom, if I can, I want to go back to the forest",精霊たちは自由に憧れています。できれば、森に帰りたいです。,엘프들은 자유를 동경해요. 그래도 된다면 숲으로 돌아가고 싶어요.
魔物活动不止影响到人类与动物，连集合森林所有植物为一体的生存也受到了侵蚀。,"魔物活動不止影響到人類與動物,連集合森林所有植物為一體的生存也受到了侵蝕.","Evil spirits not only affect human and animal, but also erode the survival of all plants in the forest",魔物の活動は人間や動物にとどまらず、森に集まったあらゆる植物が一体となって生きていることにも侵食されています。,마물 활동은 사람과 동물뿐만 아니라 숲의 모든 식물의 생존도 위협하고 있습니다.
这里是……哪里？,這裏是...哪裏?,Where is...here?,ここはどこですか,여기는... 어디죠?
刀？你也配？,刀?妳也配?,The knife? You also match?,刀？あなたも,칼? 너도 할텨?
烦死了。滚开！,煩死了.滾開!,I'm tired. Get out of here!,もう嫌です。出てください,시끄러워. 꺼져!
赌上最强铸刀师一族的荣耀，我一定要让他们付出代价。,"賭上最強鑄刀師一族的榮耀,我一定要讓他們付出代價.",I must make them pay off their blood by betting on the glory of the strongest swordsman,最強の鋳刀師一族の誇りを賭けて、彼らに代価を払わせます。,"최강의 검제조 일족의 명예을 걸고,그들에게 반드시 대가를 치르게 하겠습니다."
城主大人你好，我是露琪亚。,"城主大人妳好,我是露琪亞.","Hello, Lord. I'm Rukia",城主様、こんにちは、ルキアです。,"성주님, 안녕하세요. 루기아입니다."
您是我人生中唯一的光芒。,您是我人生中唯一的光芒.,You are the only light in my life.,あなたは私の人生の中で唯一の光です。,당신은 내 인생의 유일한 빛입니다.
抱抱的话，可以哦。,"抱抱的話,可以哦.","If you want a hug, you can",抱っこしたらいいですよ。,안으셔도 됩니다.
城主大人有一颗慈悲的心。,城主大人有一顆慈悲的心.,The Lord of the city has a compassionate heart,城主様は慈悲の心を持っています。,성주님은 자비로운 마음을 가지고 계십니다.
………………,........,........,........,........
……( (￣︶￣) ),...( (￣︶￣) ),...( (￣︶￣) ),...( (￣︶￣) ),...( (￣︶￣) )
……( (⊙ˍ⊙) ),...( (⊙ˍ⊙) ),...( (⊙ˍ⊙) ),...( (⊙ˍ⊙) ),...( (⊙ˍ⊙) )
……( (=￣ω￣=) ),...( (=￣ω￣=) ),...( (=￣ω￣=) ),...( (=￣ω￣=) ),...( (=￣ω￣=) )
奥尔露恩于此降临，魔法师，你想获得关于什么的神秘知识呢？,"奧爾露恩於此降臨,魔法師,妳想獲得關於什麽的禁忌知識呢?","Here comes Olrun, Sorcerer, what do you want to know about taboos?",オルルインがここに降りてきて、魔法使いさんは何か禁忌の知識を得たいですか？,"오로엔이 강림했다. 마법사, 어떤 신비한 지식을 알고 싶나?"
知识即是力量，城主阁下，你不想用神秘知识来让变得自己更加强大吗？,"知識即是力量,城主閣下,妳不想用禁忌知識來讓變得自己更加強大嗎?","Knowledge is power, Lord, don't you want to use taboo knowledge to make yourself stronger?",知識は力、城主閣下、禁忌の知識で自分を強くしたくないですか？,"지식은 힘입니다. 성주님, 신비한 지식으로 더 강해지고 싶지 않으세요?"
什么！不允许我在城内传递知识？,"什麽!不允許我在城內傳遞知識?妳這是對思想的禁錮,這是對知識的扼殺…",What!Am I not allowed to pass on knowledge within the city?,何ですか？私が城内で知識を伝えることを許さないですか？これは思想に対する束縛です。これは知識に対する扼殺です。,뭐야! 내가 성에서 지식을 전달하는 걸 허락하지 않는다는거 실화야?
人类是我最喜欢的客户。,人類是我最喜歡的客戶.,Human beings are my favorite customers.,人間は私の一番好きなお客様です。,인종은 제가 가장 좋아하는 고객이지.
本大爷以后就是你的队友了！,本大爺以後就是妳的隊友了!,I will be your teammate!,私のおじさんはこれからあなたのチームメイトです。,이 할아버지는 이제 너의 동료란다!
别怕呀，我又不会烧着你的！,"別怕呀,我又不會燒著妳的!","Don't be afraid, I won't burn you!",心配しないでください。私はあなたを焼きません。,"겁먹지마, 내가 널 태울 리가 없잖아!"
没用的家伙才会通过欺负弱小获得满足。,沒用的家夥才會通過欺負弱小獲得滿足.,The useless guy will be satisfied by bullying the weak,ダメなやつは弱い者いじめで満足できる。,쓸모없는 녀석들이나 약한 자를 괴롭히는 걸로 만족할 수 있지.
有什么问题吗？烧掉就行了！,有什麽問題嗎?燒掉就行了!,What's the problem? Just burn it!,何か問題がありますか？焼いたらいいです。,무슨 문제있어? 태워버리면 돼!
魔法师伊斯，希望能够与城主大人您一起对抗魔物。,"魔法師伊斯,希望能夠與城主大人您一起對抗魔物.","Magician Isis, I hope to fight against evil spirits together with the you",魔法使いイスは、城主様と一緒に魔物に対抗したいです。,"마법사 이스, 성주님과 함께 마물에 맞서고 싶습니다."
因为只会研习魔法，我非常不善于与人交往。,"因為只會研習魔法,我非常不善於與人交往.",I'm sorry.  I'm very bad at communicating with people.,魔法の勉強しかできませんので、人と付き合うことが苦手です。,마법공부할 줄 만 알기 때문에 저는 사람들과 잘 지내지 못해요.
请不要对我过多关注，如果没有其他事情的话，我先返回房间研究魔法去了。,"請不要對我過多關註,如果沒有其他事情的話,我先返回房間研究魔法去了.","Please don't pay too much attention to me. If nothing else, I will go back to my room to study magic",私にあまり関心を持たないでください。他に用事がないなら、先に部屋に戻って魔法の研究をします。,저에게 너무 많은 관심을 갖지 말아주세요. 별 일 없으시다면 저는 방으로 돌아가 마법을 연구하겠습니다.
我只是一名普通的魔法师，请不要对我有太多的期待，我是无法回应这些期待的。,"我只是一名普通的魔法師,請不要對我有太多的期待,我是無法回應這些期待的.",I'm just an ordinary magician. Please don't expect too much from me. I can't respond to these expectations,私はただの魔法使いです。あまり期待しないでください。これらの期待には応えられません。,저는 그저 평범한 마법사일 뿐입니다. 저에게 너무 많은 기대를 하지 마세요. 저는 이런 기대에 응할 수 없습니다.
波蒙受召前来。,波蒙受召前來.,Pomon was called in,波に召される,"포몬, 부름에 응합니다."
妇人之仁是保护不了任何东西的。,婦人之仁是保護不了任何東西的,Women's benevolence can't protect anything,女の人の仁は何も守れないのです。,부인의 어진 마음으로는 어떤 것도 지킬 수 없습니다
我即是利刃。,我即是利刃,I am the blade,私は刃です,내가 곧 예리한 칼날이다.
我寻求真实的王，祈愿世界回归正确的秩序。,"我尋求真實的王,祈願世界回歸正確的秩序",I seek the true king and pray for the world to return to the right order,真実の王を求め、世界が正しい秩序に戻ることを祈っています。,진실한 왕을 찾아 세상의 올바른 질서가 돌아오기를 바란다.
我将会是您见过的最准确的射手，喵！,"我將會是您見過的最準確的射手,喵!","I'll be the most accurate shooter you've ever seen, meow!",この私は一番手早いアーチャーだって証明してあげるにゃん。,저는 당신이 지금껏 본 궁병 중 가장 잘쏘는 궁병이 될 것입니다.  야옹!
这……这这这到底是什么东西，我快控制不住自己了！,"這...這這這到底是什麽東西,我快控制不住自己了!","This... This, this, what is this? I can't control myself!",こ……こここれって一体なんだ、もう自分を抑えられない。,"이…이게뭐지,내자신이 제어가 안돼!"
作为信徒，应将所有精力投入到夜间活动……,"作為信徒,應將所有精力投入到夜間活動...","As a follower, I should devote all my energy to night activities",信者たるもの、夜の活動に精を入れるべし……,신자로서 야간 활동에 모든 힘을 쏟아야하는데...
喵……喵喵喵……喵喵……喵,喵...喵喵喵...喵喵...喵,Meow... Meow meow meow... Meow,にゃ……にゃにゃにゃん…にゃんにゃん…にゃん,야옹.. 야옹.. 야옹.. 야옹... 야옹...
烟波浩渺的大海中，究竟隐藏着多少未知？,"煙波浩渺的大海中,究竟隱藏著多少未知?",How many unknowns are hidden in the vast sea?,水面下に広がる海の中に、どれだけの未知が隠れているのか？,안개가 자욱한 바다 속에 도대체 얼마나 많은 모르는 것이 숨겨져 있을까?
大海的秘密吗？我也想知道呢……,大海的秘密嗎?我也想知道呢……,The secret of the sea? I'd like to know...,海の秘密ですか？私も知りたいです。,바다의 비밀이요? 저도 알고 싶은데...
珍珠、宝石、金币，城主大人应该也很喜欢吧。,"珍珠、寶石、金幣,城主大人應該也很喜歡吧.","Pearls, precious stones, gold coins, you should also like it",真珠、宝石、金貨、城主様も大好きでしょう。,"진주, 보석, 금화, 성주님도 좋아하실 거예요."
城主大人，您知道海盗的故事吗？,"城主大人,您知道海盜的故事嗎?","Lord, do you know the story of the pirates?",城主様、海賊の話をご存知ですか？,"성주님, 해적이야기 아세요?"
吾，荒，荒芜之荒。,吾，荒，荒蕪之荒,"I, barren, barren barren",私、不毛、不毛,"나, 메마른, 메마른 메마른"
身游大荒野，海气吹蜃楼。,"身遊大荒野,海氣吹蜃樓","Wandering in the wilderness, the sea blows mirages",大荒野を泳ぎ、蜃気楼を吹く。,황야를 떠도며 신기루를 분다.
子非鱼……,與其姊婚?趣哉.,It's fun to marry his sister,姉と結婚するなら,"누나와 결혼한다니, 재미있구나."
汝知愈少，则妙。,"汝知愈少,則妙.","The less you know, the better.",あなたは知っています,모르는게 약이야.
我将帮您清除一切障碍。,我將幫您清除一切障礙,I will help you clear all obstacles,全ての邪魔者を排除します。,제가 모든 장애물을 제거해 드리겠습니다
什么？姐姐们又闯什么祸了？,什麽?姐姐們又闖什麽禍了?,What? What trouble have my sisters got into?,どういうこと？お姉さん達はまた何かやらかしたか？,뭐야? 언니들 또 무슨 사고쳤어?
任何敌人都休想从我的弩下逃走。,任何敵人都休想從我的弩下逃走,No enemy can escape from my Crolosbow,どんな敵でもわたくしの矢から逃げられやしない。,어떠한 적도 나의 쇠뇌아래서 도망칠 생각을 하지 마라.
妄想逃出封印的魔物，我一定会将你牢牢困住。,"妄想逃出封印的魔物,我一定會將妳死死封印","Delusively escape from the seal of evil spirit, I will seal you to death",封印から逃げようとする魔物たちよ、しっかり閉じ込めるんで無駄だ。,"봉인에서 도망치려는 마물이여, 내가 반드시 너를 단단히 묶어둘것 이다."
我是兽人族！来自拉法叶！啊，反了……,"我是獸人族!來自拉法葉!啊,反了...","I'm Orc! From Lafayette! Ah, the other way around...",獣人族です。ラファ葉から来ました。あ、反対です。,"나는 수인족! 라파엘에서 왔다! 아, 거꾸로 말했당..."
该如何保护大家……,該如何保護大家...,How to protect everyone,どうやってみんなを守るべきですか？,어떻게하면 모두를 지키지...
您信仰着什么呢？,您信仰著什麽呢?,What do you believe in?,何を信じていますか？,당신은 무엇을 믿습니까?
没事的，一切都会好起来的。,"沒事的,一切都會好起來的.",It's OK. Everything will be OK,大丈夫です。すべてがよくなります。,"괜찮아, 다 잘될거야."
是山峦之盾(瑞亚)！不是山丘之王(梅拉)！,是山巒之盾(瑞亞)!不是山丘之王(梅拉)!,It's the shield of the mountains (Rhea)! Not the king of the hills (Myra)!,山の盾だ！丘の王ではない！,산들의 방패 (리 아) 다! 언덕의 왕 (멜 라) 이 아니다!
这！就是精灵的意志！,這!就是精靈的意誌!,This is the will of the spirit!,これは精霊の意志だ！,이것이 바로 엘프의 뜻!
想要荼毒我的同胞，那得先过了我这关！,"想要荼毒我的同胞,那得先跨過我的軀體!","If you want to torment my people, you must first step over my body!",同胞を迫害したいなら、まず私の体を乗り越えてください。,내 동료를 독살하려면 나부터 쓰러뜨려라!
活着，就要干活。,"活著,就要幹活.",To live is to work,生きている限り、仕事をします,살아있으면 일을 해야지.
请问，我能帮上什么忙……？,"請問,我能幫上什麽忙...?","Excuse me, what can I do for you?",すみません、何か手伝いましょうか？,제가 뭘 도와드릴까요?
我一定不会让大家受苦的。,我一定不會讓大家受苦的.,I won't let you suffer,私はきっとみんなを苦しませません。,나는 반드시 모두가 고통을 겪지않게 할거야.
谢谢你。,謝謝妳.,Thank you.,ありがとうございます,고마워.
变化莫测的东西……亘古不变的东西……,變化莫測的東西...亙古不變的東西...,Things that change... Things that never change,変化の激しいもの…昔から変わらないもの…,영원히 변화없는 거...
城主大人，您也有不为人知的一面吧？,"城主大人,您也有不為人知的一面吧?","Lord, do you have an unknown side?",城主様、あなたも知られていない一面がありますよね？,성주님도 남 모르는 구석이 있죠?
真想把这里烧得干干净净啊……诶？这里不行吗？,"真想把這裏燒的幹幹凈凈啊...誒,這裏不行嗎?","I really want to get this place clean... Oh, can't you do it here?",ここをきれいに焼きたいですね。えっと、ここはだめですか？,여기를 깡그리 싹 다 태워버리고 싶다... 아? 여기는 그러면 안 되는 거?
一场盛大的宴会即将来临，你是我最重要的嘉宾。,"一場盛大的宴會即將來臨,妳是我最重要的嘉賓.","A big party is coming, and you are my most important guest.",盛大なパーティーが近づいてきます。あなたは私の一番大切なゲストです。,"성대한 파티가 곧 다가오는데, 성주님은 제 가장 중요한 손님이에요."
讨厌的家伙，没有存在的必要。,"討厭的家夥,沒有存在的必要.",There's no need to be a nuisance.,嫌いな奴は、存在する必要がない。,"얄미운 녀석,왜 살아있는지 모르겠어!"
请稍等！！马上就好了！唉我真是笨手笨脚的。,請稍等!!馬上就好了!唉我真是笨手笨腳的.,"Please wait a moment! It's all right now! Alas, I am really clumsy",ちょっと待ってください。すぐできます。えっと、不器用です。,"잠시만 기다려주세요!! 금방 다 됩니다! 아이고, 제가 참말로 서투르네요."
这种情况……女仆前辈们会怎么做呢？,這種情況...女仆前輩們會怎麽做呢?,In this case... What would maid predecessors have done?,この場合…メイドの先輩たちはどうしますか？,이런 상황 에서... 메이드 선배님들은 어떻게 하실까요?
我知道啦！黑咖啡、三块糖、温热、不用过滤……,我知道啦!黑咖啡、三塊糖、溫熱、不用過濾...,"I know! Black coffee, three candies, warm, no filters...",わかりました。ブラックコーヒー、砂糖三個、温めて、フィルタリングしなくてもいいです。,"알겠습니다! 블랙 커피, 설탕 세 개, 따뜻한 거, 안 걸러도 되고..."
虽然很累，但是今后我也会努力下去的！,"雖然很累,但是今後我也會努力下去的!","Although very tired, but In the future I will also work hard!",疲れましたが、これからも頑張ります。,정말 피곤하지만 오늘부터 나도 노력해볼거야!
嘿！这不是来了吗！说了不要着急呀。,嘿!這不是來了嗎!說了不要著急呀.,Hey! Isn't this coming? Don't worry,えっと、来たじゃないですか？焦らないでくださいと言いました。,에잇! 왔잖아! 서두르지 좀 말자.
克图格亚大人永远不会错。,克圖格亞大人永遠不會錯.,Lord Katugya will never be wrong.,克図格亜様はいつまでも間違いないです。,크투게아 님은 결코 틀리지 않으실 겁니다.
今天也是安宁的一天。,今天也是安寧的一天.,Today is also a peaceful day.,今日も安らかな一日です。,오늘도 평온한 하루다.
不过是小孩子们的打闹而已，交给我吧。,"不過是小孩子們的打鬧而已,交給我吧.",It's just a kid's fight. Leave it to me.,子供のいたずらに過ぎないので、私に任せてください。,애들이 다투면 나한테 맡겨
嗯，我回来了，你这是什么眼神？,"嗯,我回來了,妳這是什麽眼神?","Well, I'm back. What kind of eyes are you looking at?",うん、帰ってきました。何の目つきですか？,"응, 내가 돌아왔어. 무슨 눈빛이야?"
你们快点呀！怎么老是让我跑在前面？,妳們快點呀!怎麽老是讓我跑在前面?,Hurry up!  Why am I always running ahead?,早くしてください。どうしていつも前を走りますか？,너희들 빨리 와! 왜 맨날 나보고 앞에 뛰라는 거야?
嗷呜~~~……咳咳，不对，我！不是！狼！,"嗷嗚~~~...咳咳,不對,我!不是!狼!","Ao blare ~ ~ ~... Ahem, no, I'm! Not! The Wolf!",えっと、すみません、私は！狼！,"아우우우~~~…크흠, 난 늑대가 아니다!"
借给你吧，给我好好的还回来哦。,"借給妳吧,給我好好的還回來哦.",Lend it to you and give it back to me,貸してあげます。ちゃんと返してください。,"빌려줄게,나중에 잘 돌려줘"
黑夜伴随着我的到来…,黑夜伴隨著我的到來…,The night comes with me…,夜は私の到来とともに…,어두운 밤이 나를 따라온다...
不要着急，你，我赢定了。,妳的腦袋我要定了.,I'm going to fix your head,頭を決めます。,"걱정마라,그대. 내가 이긴다."
现在才想要逃跑吗？……太迟了。,現在才想要逃跑嗎?..太遲了.,Want to escape now? . It's too late.,今逃げたいですか？遅すぎます。,이제야 도망가려고?늦어도 너무 늦었어..
没有规矩，不成方圆。,"沒有規矩,不成方圓.","No rules, no square",規則がなくて四角い。,"규칙이 없다면,법이 바로 서지 못합니다"
嘎呼嘎呼，看看我抓到什么了？,"嘎呼嘎呼,看看我抓到什麽了?","Creak, creak, look what I got.",何を捕まえたか見てください。,"여기여기, 내가 뭘 잡았는지 봐봐!"
看，像这样扔出去，再扔出去，砰！,"看,像這樣扔出去,再扔出去,砰!","Look, throw it out like this, throw it out again, bang!",ほら、このように投げて、また投げて、どん！,"봐, 이렇게 던지고, 던지면, 빵!"
真为难啊……毕竟这也不是做了罪大恶极的事……,真為難啊...畢竟這也不是做了必須去死的事...,"What a dilemma... After all, it wasn't doing something that required death...",困りましたね。これもしなければならないことをしたわけではないので…,난감하네.. 엄청 나쁜 짓을 한 것도 아닌데...
巴托里前辈，再来比一次！这次一定比你快！,"巴托裏前輩,再來比一次!這次一定比妳快!","Master Batori, do it again! This time it must be faster than you!",バトリー先輩、もう一回！今度はきっとあなたより速いです。,"바토리 선배,다시 한번하자! 이번엔 내가 더 빠를걸!"
我已经知道了，一起面对吧。,"我已經知道了,一起面對吧",I already know. Let's face it,もう分かりました。一緒に直面しましょう。,난 이미 알고 있으니까 함께해요
不用担心，这次的危机也会从容度过的。,"不用擔心,這次的危機也會從容度過的","Don't worry, the crisis will be over",心配しないでください。今回の危機も余裕を持って過ごします。,걱정하지 마세요. 이번 위기도 순탄히 잘 지나갈 겁니다.
举起双手！接受我的力量，哈哈哈哈你被骗了！,"舉起雙手!接受我的力量,哈哈哈哈妳被騙了!","Hands up! Accept my power, hahahahahahaha you're being lied to!",両手を挙げてください。私の力を受け取ってください。ハハハ、騙されました。,"두 손 들어! 내 힘을 보여주마, 하하하하 속았구나!"
我并不代表光明，只是我寄身于光明。,"我並不代表光明,只是我寄身於光明","I don't mean the light, but I live in the light",私は光明を代表していません。ただ私は光明に身を寄せています。,"난 몸을 빛에 담고 있을 뿐, 내가 곧 빛이라는 건 아니다."
我叫贝丝，请多关照。,"我叫貝絲,請多關照",My name is Bess. Nice to meet you.,ベスと申します。よろしくお願いします。,베스라고 합니다. 잘 부탁드립니다.
别念咒语了，我的武器不是法杖。,"別念咒語了,我的武器不是法杖.",Don't read the mantra. My weapon is not a stick,呪文を唱えないでください。私の武器は杖ではありません。,주문을 외우지 마세요. 제 무기는 지팡이가 아닙니다.
我有我需要守护的东西。,我有我需要守護的東西.,I have something I need to guard.,私は守るべきものがあります。,나는 내가 지켜야 할 것이 있다.
我会全力保护王都的。,我會全力保護王都的.,I will do my best to protect the capital,王都を全力で守ります。,난 전력으로 왕도를 지킬 것이다.
喂，少年，需要我帮你吗？,"餵,弱者,需要我幫妳嗎?","Hey, weakling, can I help you?",もしもし、弱い方ですが、助けてあげましょうか？,"이봐, 소년. 내가 도와줄까?"
你说这个十字架盒子？没见过吗？嗯？,妳說這個棺材?沒見過嗎?嗯?,You said the coffin? Haven't you seen it? Huh?,この棺ですか？見たことがないですか？うん？,이런 거 처음 봤어? 응?
请不要把你的脸贴在我的宝贝上……,請不要把妳的臉貼在我的棺材上...,Please don't put your face on my coffin...,あなたの顔を私の棺おけに貼ってはいけません。,당신의 얼굴을 내 아기에 비비지 마세요...
我能感觉到你强大的气息，所以你不是我要帮助的对象。,"我能感覺到妳強大的氣息,所以妳不是我要幫助的對象.","I can feel your strong breath, so you are not the object I want to help",あなたの強い雰囲気を感じることができます。だからあなたは私の助けたい相手ではありません。,네 강한 기운이 느껴진다. 넌 내 도움이 필요하지 않을 거 같군
决定了，我要跟着你，这次任务能不能完成可全看你了！,"決定了,我要跟著你,這次任務能不能完成可全看你了！","Yes, I will follow you. It's up to you whether this mission can be completed or not.","決めた,私は君についていく,今回の任務を完成できるかどうかは君次第だ!","너를 따라가기로 결정했어, 이번 임무를 완성할 수 있을 지 없을 지는 너에게 달렸어!"
唉，我什么时候才能举行成人礼呀？,"唉,我什麽時候才能舉行成人禮呀？","Well, when can I hold the rite of passage?",えっと、私はいつ成人式が行われますか？,(한숨) 내가 언제 성인식을 할 수 있을까?
珍珠…不是，魔法…不是，友，友情？烦人，到底是什么嘛？,"珍珠…不是,魔法…不是,友,友情？煩人,到底是什麽嘛？","Pearl...no, magic...no, fri, friendship? Annoying, what is it?",真珠…いいえ、魔法…いいえ、友達、友情？迷惑って、いったいなんですか？,"진주 ... 아니, 마법 ... 아니, 우정, 우정? 귀찮아, 뭐야?"
每当我感觉自己接近答案的时候，心里总有个声音告诉我不是，幸好有你。,"每當我感覺自己接近答案的時候,心裏總有個聲音告訴我不是,不過幸好有你.","Whenever I feel close to the answer, there's always a voice in my heart telling me no, lucky to have you.",いつも私は自分が答えに近づいていると感じて、心の中でいつも1つの声が私にいいえと教えて、しかしあなたがいて幸いです。,"내가 답에 가까워졌을 때마다 항상 내 마음 속에서 '아니, 널 만나서 행운이야'라고 말하는 목소리가 들려."
让我来为你注入力量吧！,讓我來為妳註入力量吧!,Let me give you strength!,私が力を入れましょう!,내가 너에게 힘을 주겠다!
因为有很多事情，所以没能帮到你的忙，真的真的很对不起……,"因為有很多事情,所以沒能幫到妳的忙,真的真的很對不起..","I'm really, really sorry that I couldn't help you because I had so many things to do.",いろいろな用事があって、お役に立てなくて、本当にすみませんでした。,일이 많아서 도움을 못드려서 정말 죄송합니다..
诶？？奇怪了，我不是在这里种了棵树吗？哪去了？,"誒??奇怪了,我不是在這裏種了顆樹嗎?哪去了?",Ah? Strange. Didn't I plant a tree here? Where?,えっ？おかしいです。ここに木を植えたのではないですか？どこに行きましたか？,어? 이상하다. 나 여기 나무 심었잖아. 어디 갔지?
这并不是恩赐！这是生命的智慧！,這並不是恩賜!這是生命的智慧!,This is not a gift! This is the wisdom of life!,これは恵みではありません。これは命の知恵です。,이것은 자비같은게 아니고 생명의 지혜다!
谁先到的！！是我还是姐姐？？,誰先到的!!是我還是姐姐??,Who was the first one to arrive? Me or sister??,先に来たのは誰ですか？私ですか？それともお姉さんですか？,"누가 먼저 왔어!! 나 야, 언니 야?"
诶？你那个是什么东西啊，给我看看好不啦。,"誒,妳那個是什麽東西啊,給我看看好不啦.","Hey, what's that thing? Let me see.",えっと、あれは何ですか？見せてください。,"어머, 그게 뭔 데요? 보여주세요."
姐，我饿了……你给我找点吃的好不好？,"姐,我餓了...妳給我找點吃的好不好?","Sister, I'm hungry... Can you find me something to eat?",お姉さん、お腹が空きました。何か食べ物を探してくれませんか？,"언니, 나 배고파... 먹을 것 좀 찾아줄래?"
想打败我？？梦话等睡着了再说吧！,想打敗我??夢話等睡著了再說吧!,Trying to beat me?? Talk in your sleep until you fall asleep!,私を打ち負かしたいですか？寝言は寝てからにしましょう。,날 이기고 싶어? 잠꼬대는 잠들면 해!
我早就知道今天能和你相遇，阁下。,"我早就知道今天能和妳相遇,閣下","I knew I could meet you today, lord",今日はあなたに会えるととっくに知っていました。,"오늘 만날 줄 알고 있었습니다, 각하."
时间的概念存在与所有世上的产物；山川，河流，海洋乃至浩瀚的星空。,"時間的概念存在與所有世上的產物;山川,河流,海洋乃至浩瀚的星空.","The concept of time exists with all the products of the world; Mountains, rivers, oceans and even vast stars.",時間の概念はすべての世の中の産物と存在します。山川、川、海、さらには広大な星空。,"시간의  존재개념과 모든 세상의 산물, 계곡, 강물, 바다, 그리고 광대한 밤하늘."
时间对我来说只是永无止境的轮回，它既可以是一分钟，也可以是一辈子。,"時間對我來說只是永無止境的輪回,它既可以是一分鐘,也可以是一輩子.",Time to me is just endless reincarnation. It can be a minute or a lifetime,時間は私にとっては永遠の輪廻です。一分でも一生でもいいです。,시간은 나에게 있어서 끝이 없는 윤회일 뿐이고 1분일 수도 있고 평생일 수도 있다.
时间可以见证一切，也就是说，我见证了一切。,"時間可以見證一切,也就是說,我見證了一切.","Time bears witness, that is to say, I bear witness to everything.",時間はすべてを目撃することができて、つまり、私はすべてを目撃証言しました。,"시간은 모든 것을 증명할 수 있다. 즉, 나는 모든 것을 증명했다."
你犯什么错了吗？,妳犯什麽錯了嗎?,Did you make any mistakes?,何か間違えましたか？,뭐 잘못했어?
这笨蛋在说些什么？真想封上你的嘴！,這笨蛋在說些什麽?真想封上妳的嘴!,What is this idiot talking about? I really want to shut your mouth!,このばかは何を言っていますか？あなたの口を封じたいです。,이 바보가 무슨 말을 하는 거야? 입 막고 싶어!
面对自己的内心好吗？承认自己的错误有这么难吗？嗯？,面對自己的內心好嗎?承認自己的錯誤有這麽難嗎?嗯?,Is it so hard to admit your mistakes? Hmm?,自分の心に向き合うのはいいですか？自分の過ちを認めるのはそんなに難しいですか？うん？,자기 마음을 좀 직면하는게 어때? 자기 잘못을 인정하는게 그렇게 어렵나? 응?
盯着看盯着看，要不要我把你也绑起来？？,"盯著看盯著看,要不要我把妳也綁起來??","Stare, stare, do you want me to tie you up??",じっと見ています。私も縛りましょうか？,"그만 좀 뚫어지게 쳐다봐, 내가 너도 묶어줄까?"
如果可以，我希望能成为城主大人的良药。,"如果可以,我希望能成為城主大人的良藥.","If I can, I hope to be a good medicine for the Lord",できれば、城主様の良薬になりたいです。,"가능하다면, 성주님의 약이 되고 싶습니다."
鸢尾花开了呢。,鳶尾花開了呢.,The iris is blooming,たこの花が咲きましたね,붓꽃이 피었네.
圣女对我而言即是身份的象征也是束缚。,聖女對我而言即是身份的象征也是沈重的枷鎖.,"Saint to me is not only a symbol of identity, but also a heavy shackle",聖女は私にとって身分の象徴であり、重い束縛でもあります。,성녀는 나에게 신분의 상징이자 무거운 족쇄였다.
您会拯救大家的，对吗？,"您會拯救大家的,對嗎?","You're going to save everyone, right?",みなさんを救うでしょう。,"그대는 모두를 구해 줄거죠, 그럴거죠?"
来了哟~阿拉，是你在召唤我吗？,"來了喲~阿拉,是妳在召喚我嗎?","I'm coming, master. Are you looking for me?",来ましたよ。あら、あなたが呼んでいますか？,"왔다구~ 어라,너가 날 부른 거?"
啊~想喝牛奶啊~,啊~想喝牛奶啊~,Ah ~ I want to drink milk ah ~,えっと、牛乳が飲みたいです,아 ~ 우유 먹고 싶다 ~
果然你也觉得大一点的好吧。,果然妳也覺得大一點的好吧.,"Sure enough, you think it's better to be bigger",やっぱりあなたも大きいほうがいいと思いますよね。,역시 너도 좀 큰 게 좋다고 생각하는군.
肚子饿了呢。,肚子餓了呢.,I'm hungry,お腹が空きましたね,배고파졌어..
诶？谁在喊我？我还没睡醒呢……,誒?誰在喊我?我還沒睡醒呢..,Hey? Who's calling me? I'm not awake yet…,えっ？誰が呼んでいますか？まだ起きていません。,어? 누가 나를 불러? 나 아직 잠이 덜 깼는데..
希望城主大人每天都能做个好梦。,希望城主大人每天都能做個好夢.,I hope the Lord can have a good dream every day,城主様は毎日良い夢を見られますように。,성주님께서 매일 좋은 꿈꾸시길 바랍니다.
快快快……上课要迟到了！,快快快..上課要遲到了!,"Come on, come on. I'm going to be late for class!",早くしてください。授業に遅れます。,빨리 빨리 빨리... 수업에 늦겠다!
或许梦境能带给你答案。,或許夢境能帶給妳答案.,Maybe dreams can give you the answer,夢はあなたに答えをくれるかもしれません。,꿈이 답을 줄 지도 모른다.
你是来请我吃饭的吗？先说好，今天你买单。,"妳是來請我吃飯的嗎?先說好,今天妳買單.",Are you here to buy me a drink? Let's first say we won't return home before getting drunk tonight!,食事を奢りに来ましたか？先に言ってください。今日はあなたがおごります。,나에게 밥을 사러 왔니? 오늘 네가 계산한다고 먼저 말해
无论多远，我的箭都会正中靶心。,"無論多遠,我的箭都會正中靶心.","No matter how far, my arrow will hit the bull's eye",どんなに遠くても、私の矢は的の真ん中に当たります。,아무리 멀어도 내 화살은 과녁의 중심에 맞는다.
转角那儿开了家新店，明天一起去吗？,"轉角那兒開了家新店,明天一起去嗎?",Would you like to have a drink tomorrow?,曲がり角に新しい店ができましたが、明日一緒に行きますか？,모퉁이에 새 가게를 열었는데 내일 같이 갈래요?
谁又欺负你啦，说出来我替你修理他。,"誰又欺負妳啦,說出來我替妳報仇.",Who bullied you again? I'll take revenge for you,谁がまたあなたをいじめて、言い出して私はあなたのために复讐します。,누가 또 너를 괴롭혔어? 말해주면 내가 복수해줄게.
第四骑士希娜伽，奉命前来！,"第四騎士希娜伽,奉命前來!","The fourth knight SSynaga, is ordered to come!",第四騎士ヒナガ、命を受けて来た！,"네번째 기사 시나가, 명령을 받고 왔습니다!"
要来场对决吗？您不必让着我。,要來場對決嗎?您不必讓著我.,Do you want a fight? Please do your best,試合に来ますか？私を譲ってはいけません。,대결하시겠습니까? 사양하지 마세요.
非常抱歉，我并没有用力。,"非常抱歉,我並沒有用力.","I'm very sorry, but I didn't force",すみません、力を入れていません。,최선을 다하지 않아서 죄송합니다. .
城主大人，一起去看烟火大会吗？,"城主大人,一起去看煙火大會嗎?","Lord, shall we go to the fireworks show?",城主様、花火大会を見に行きませんか？,"성주님, 함께 불꽃놀이 보러가실래요?"
需要帮助的人就是你吗？,需要幫助的人就是妳嗎?,Is it you who need help?,助けが必要な人はあなたですか？,도움이 필요한 사람이 자네인가?
就寝的时间到了呢，请让开。,"就寢的時間到了呢,請讓開",It's bedtime. Please get out of the way,寝る時間です。どいてください。,취침 시간이 다 되었습니다. 비켜주세요.
您在说什么？我没有听清呢。(微笑),您在說什麽?我沒有聽清呢(微笑),What are you talking about? I didn't catch it (smile),何を言っていますか？よく聞き取れませんでした。（笑）,무슨 말씀하셨어요? 잘 안 들렸어요. (웃음)
请住手。(微笑),請住手(微笑),Please stop (smile),やめてください,그만 좀 하세요 (웃음)
来了来了，初次见面，为您点了一杯下午茶，城主大人喜欢吗？,"來了來了,初次見面,為您點了一杯下午茶,城主大人喜歡嗎?","Here we are, the first time we meet, I'll bring you a Martini. Do you like it?",来ました。初めまして、午後のお茶を一杯注文しました。城主様はお好きですか？,"오셨습니까. 처음 뵙겠습니다. 오후 차를 한 잔 시켰는데, 성주님은 좋아하시나요?"
今日优惠，所有茶饮都打八折哟，来试试吗？,"今日優惠,所有茶飲都打八折喲,來試試嗎?",Today's discount. All cocktails are 20% off. Would you like to have a try?,今日はサービスがあります。お茶は全部20%割引しますよ。試してみますか？,오늘은 할인해서 모든 차를 20% 할인해 드리겠습니다. 마셔보시겠습니까?
您想问什么？说不定我知道哟~,您想問什麽?說不定我知道喲~,What do you want to ask? Maybe I know~,何を聞きたいですか？知っているかもしれませんよ。,뭘 물어보실거 있어요?제가 알지 혹시 알아요~
哈哈，干嘛这样称呼我！,"哈哈,幹嘛這樣稱呼我!","Ha ha, why call me that!",ははは、なんで私をこのように呼びますか？,"하하하, 왜 그렇게 불러!"
接下来的日子，请多指教！,"接下來的日子,請多指教!",Please give me more advice in the following days!,これからは、よろしくお願い致します！,앞으로 잘 부탁드립니다!
您说得对，我会继续努力的。,"您說得對,我會繼續努力的.",You're right. I'll keep trying,あなたのおしゃった通りです、これからも頑張っていきます。,맞는 말씀입니다. 계속 노력하겠습니다.
这种程度的训练，我还可以承受。,"這種程度的訓練,我還可以承受.","This level of training, I can bear",この程度の訓練は、まだ耐えられます。,이 정도의 훈련은 내가 아직 감당할 수 있다.
今天比昨天又强了一点呢！,今天比昨天又強了一點呢!,Today is a little better than yesterday!,きょうは昨日より少し強くなった気がします！,오늘은 어제보다 조금 강해졌네!
暗夜过后的破晓，是清晨最美的景象。,"暗夜過後的破曉,是清晨最美的景象.",The dawn after the dark night is the most beautiful scene in the morning,暗夜のあとの夜明けは、朝一番の美しい光景です。,어둠 후의 새벽녘은 새벽의 가장 아름다운 광경이다.
战争也好，黑暗也好，我相信都会过去。,"戰爭也好,黑暗也好,我相信都會過去.","War or darkness, I believe it will pass",戦争でも暗でも、過去は必ず来ると信じています。,"전쟁도, 어둠도, 다 지나갈 거라 믿어."
如果因为命运的不公就变得自怨自艾，那也太逊了。,"如果因為命運的不公就變得自怨自艾,那也太遜了.",It would be too bad to be complacent because of the unfair fate,運命の不公平で自業自得になったら、それも見劣りします。,만일 운명이 불공평하다고하여 자아를 원망하게 된다면 그건 정말 한심한 일이야.
请千万不要放弃，我会一直陪在您身边。,"請千萬不要放棄,我會一直陪在您身邊.","Please do not give up, I will always be with you",あきらめないでください。ずっとそばにいます。,절대 포기하지 마세요. 제가 항상 옆에 있을게요.
执行者莱恩娜，参上！,"執行者萊恩娜,參上!","Executor Lenna, join us!",実行者のレオナ、参上！,"집행자 라이언,참전!"
越具有挑战的事，越能勾起我的兴致。,"越具有挑戰的事,越能勾起我的興致.","The more challenging something is, the more interesting it is to me.",挑戦することがあればあるほど、興味をそそります。,도전적인 일일수록 나의 흥미를 돋운다.
聆听风之旋律，执行神之意志。,"傾聽風之旋律,執行神之意誌.",Listen to the wind and do God's will.,風の旋律に耳を傾け、神の意志を実行する。,바람의 리듬을 귀기울이고 신의 뜻을 실행하라.
可怜虫们还有什么话就留着下一世说吧。,可憐蟲們還有什麽話就留著下一世說吧.,"Poor wretches, if you have anything else to say, leave it to the next generation",哀れな虫たちは何かあったら残して次の世に話してください。,"불쌍한 벌레들아, 할 말이 있으면 다음 세상에서 하세요."
跟随心指引的方向，醒悟命运的真谛，便为觉。,"跟隨心指引的方向,醒悟命運的真諦,便為覺.","Follow the direction of the heart, wake up to the true meaning of fate, it is Satoru.",心のままに導く方向に従って、運命の真の意味を悟るのは眠りです。,마음이 이끄는 방향에 따라 운명의 참뜻을 깨닫는 것이 바로 각성이다.
很多时候我能理解反叛者的想法，但也明白，那些都不是信仰丢失的理由。,"很多時候我能理解反叛者的想法,但也明白,那些都不是信仰丟失的理由.","Most of the time I can understand how rebels feel, but I also understand that those are not reasons to lose Fisis.",反逆者の考えはよく分かりますが、信仰がなくなった理由ではないことも分かります。,"반란군의 생각을 이해할 수 있을 때가 많지만, 그것이 믿음을 버릴 이유가 되지는 않는다."
不怀希望便不会失望，但身处黑暗的人，往往更清楚“希望”二字的意义。,"不懷希望便不會失望,但身處黑暗的人,往往更清楚""希望""二字的意義.","We can never be disappointed without hope, but people in the dark know better than ever what the word ""hope"" means.",希望を抱かなければ失望しないが、暗闇にいる人は往々にして「希望」の二文字の意味をよく知っている。,"실망하지않으려고 희망을 가지지않지만  어둠에 몸담는 사람은 때때로 ""희망""이란 두글자의 뜻을 더욱 잘 알고있다."
如果被太多负情绪左右，生命也将失去光泽。,"自卑、刻薄、貪婪、嫉妒,如果被這些情緒左右,生命也將失去光澤.","Inferiority, mean, greed, jealousy, if these emotions, life will lose luster",卑屈で、冷酷で、貪欲で、嫉妬して、もしこれらの情緒に左右されるならば、生命も光沢を失います。,부정적인 감정에 흔들리면 삶도 빛을 잃게 된다.
情感如此虚无，只有力量才是一切,情感如此虛無，只有力量才是一切,"Emotions are vain, only power is everything",感情はとても無駄です、力だけがすべてです,감정은 공허하고 무의미하며  모든 것에 있어 오직 힘만이 중요합니다
恶魔也可以帮助您，大人,惡魔也可以幫助您，大人,"Demon will help you, My Lord",悪魔もあなたを助けることができます、私の主よ,"악마도 당신을 도울 수 있습니다, 성주님"
叮咚，我的捕猎开始了,叮咚，我的捕獵開始了,"Ding Dong, My hunt time is come",丁洞、私の狩りが始まった,"딩동, 헌팅 시작!"
无剑之人才会葬于剑下,無劍之人才會葬於劍下,They doesn’t have buried sword,刀のないものは刀の下に埋もれている,검이 없는 자는 결국 검에 죽게 될 것이다
吵死了，我可不会就这么算了,吵死了，我可不會就這麼算了,"It's so noisy, I won't let it go",とてもうるさいので、手放しません,"시끄러워,난 그냥 이대로 넘어가지 않을 거야."
能打败我才是对我最大的挑衅,能打敗我才是對我最大的挑釁,Beating me is the biggest challenge to me,私を倒すことは私にとって最大の挑戦です,나를 이기는 것이야말로 나에게 최고의 도전이야
大人，我从不救无用之人,大人，我從不救無用之人,"Sir, I never save useless people",サー、私は無駄な人を救うことはありません,"성주님, 저는 쓸모없는 사람을 절대 구하지 않습니다."
我的任务里没有意外，受伤是败者该担心的事,我的任務裡沒有意外，受傷是敗者該擔心的事,"There are no accidents in my mission, injury is something the loser should worry about",私の使命には事故はありません。怪我は敗者が心配すべきことです。,"내 임무에 의외의 일은 발생하지않아, 다치는 것은 패배자들이나 걱정해야 하는 일이지"
这个世界的真相已经展现，我们的希望已经降临,這個世界的真相已經展現，我們的希望已經降臨,"The truth of this world has been revealed, our hope has come",この世界の真実が明らかにされ、私たちの希望が来ました,이 세상의 진실이 드러났고 우리의 희망이 찾아왔습니다
这是神的指引，阁下,這是神的指引，閣下,"This is God's guidance, Your Excellency",これは神の導きです、閣下,"이것은 신의 인도입니다, 폐하"
背离神者终将被神舍弃,背離神者終將被神捨棄,Those who turn away from God will eventually be abandoned by God,神に背を向ける者は、やがて神に見捨てられるでしょう,신께 등을 돌리는 자는 결국 신의 버림을 받게 됩니다
遵从指引，解救苦难才是我的使命,遵從指引，解救苦難才是我的使命,"Following the guidelines, it is my mission to relieve suffering",ガイドラインに従い、苦しみを和らげることが私の使命です,지침을 따르고 고통을 덜어주는 것이 저의 사명입니다
只有弱者才成群结队,只有弱者才成群結隊,Only the weak come in groups,弱者だけがグループになります,나약한 자만이 무리를 지어 다니지
可笑，我的剑只听我的召唤,可笑，我的劍只聽我的召喚,"Funny, my sword only listens to my call",おかしい、私の剣は私の呼び出しを聞くだけです,"웃기는군, 이 검은 내 명령에만 따른다"
我为何要相信他人？他们说的一切都是谎言,我為何要相信他人？他們說的一切都是謊言,Why should I trust others? Everything they say is a lie,なぜ私は他人を信頼する必要がありますか？彼らが言うことはすべて嘘です,내가 왜 다른 사람을 믿어야 해? 그들이 말하는 모든 것은 거짓말이잖아
母亲，有一颗良善之心也许是值得的,母親，有一顆良善之心也許是值得的,"Mother, it may be worth having a good heart",お母さん、良い心を持つ価値があるかもしれません,"어머니, 선한 마음을 가진 것은 아마도 가치 있는 일일 것입니다"
真正的强者应该是和平的缔造者,真正的強者應該是和平的締造者,The real strong should be the maker of peace,本当の強さは平和のメーカーであるべきです,진정한 강자는 평화를 만드는 자가 되어야 합니다
阁下，可不要放松警惕,閣下，可不要放鬆警惕,"Sir, don't let your guard down",サー、警戒を怠らないでください,"각하, 경계심을 늦추지 마세요"
我始终相信唯有光明才能拯救苦难,我始終相信唯有光明才能拯救苦難,I always believe that only light can save suffering,私はいつも光だけが苦しみを救うことができると信じています,나는 항상 빛만이 고통을 구원할 수 있다고 믿습니다
不要担心，我也曾受伤，苦痛终将被希望治愈,不要擔心，我也曾受傷，苦痛終將被希望治愈,"Don't worry, I was hurt too, the pain will be healed by hope",心配しないでください、私も傷つきました、痛みは希望によって癒されます,"걱정하지 마세요. 저도 과거에 상처를 받았지만, 결국 희망이 고통을 치료해 줄 것입니다."
暗夜中的战斗可不能破晓,暗夜中的戰鬥可不能破曉,The battle in the dark night cannot break the dawn,闇夜の戦いは夜明けを割ることができない,어둠 속 싸움은 새벽을 열 수 없어
夜色才能看尽所有丑陋和肮脏,夜色才能看盡所有醜陋和骯髒,Only the night can see all the ugliness and filth,夜だけがすべての醜さと汚れを見ることができます,모든 추함과 더러움은 오직 밤에만 볼 수 있어
我的战斗一旦开始可不会轻易停下,我的戰鬥一旦開始可不會輕易停下,"Once my fight starts, it won't stop easily",戦いは一度始まるとなかなか止まらない,나의 싸움은 한번 시작되면 쉽게 끝나지 않아
来了，就别想逃过我的眼睛,來了，就別想逃過我的眼睛,"Come on, don't try to escape my eyes",さあ、私の目から逃れようとしないで,"왔으면, 내 눈에서 벗어날 생각 하지마"
想探究我的秘密吗？嘘，仔细听哦～,想探究我的秘密嗎？噓，仔細聽哦～,"Want to explore my secrets? Shhh, listen carefully~",私の秘密を探りたいですか？ しーっ、よく聞いて～,내 비밀을 알고 싶어? 쉿 잘 들어 봐~
真神奇，我可以试试吗？,真神奇，我可以試試嗎？,"It's amazing, can I try it?",すごいですね、試してみませんか？,"정말 신기하네, 제가 한번 해봐도 될까요?"
这里好热闹，走，去看看,這裡好熱鬧，走，去看看,"It's so lively here, let's go and have a look",ここはとてもにぎやかです、見に行きましょう,"여기는 정말 활기차네요, 가서 한번 둘러봅시다"
可怕，世界上竟有如此恐怖之物！,可怕，世界上竟有如此恐怖之物！,"Terrible, there are such terrifying things in the world!",ひどい、世界にはこんなに恐ろしいものがあります！,"끔찍해, 세상에 이렇게 무서운 것이 있을 줄이야!"
可恶！又失败了！,可惡！又失敗了！,hateful! Failed again!,憎い！ また失敗！,젠장! 또 실패했어!
快乐有什么不对吗？,快樂有什麼不對嗎？,Is there anything wrong with being happy?,幸せになることに何か問題がありますか？,행복한게 뭐가 잘못된 것이야?
不好玩吗？可是我很开心耶,不好玩嗎？可是我很開心耶,Isn't it fun? but i'm happy,楽しくないですか？ でも私は幸せです,재미 있지 않아? 난 엄청 행복해
就决定是你啦！,就決定是你啦！,It's up to you!,それはあなた次第です！,바로 너로 결정했어!
自由的灵魂才是唯一解,自由的靈魂才是唯一解,A free soul is the only solution,自由な魂が唯一の解決策,자유로운 영혼만이 유일한 해결책이야
自然为什么需要标准？,自然為什麼需要標準？,Why does nature need standards?,なぜ自然には基準が必要なのですか？,자연에 표준이 필요한 이유는 무엇이지?
我并不赞同你的观点,我並不贊同你的觀點,i don't agree with you,私はあなたに同意しません,나는 당신의 의견에 동의하지 않아
森林深处是很神奇的！,森林深處是很神奇的！,The depths of the forest are magical!,森の奥はマジカル！,숲 속 깊은 곳은 정말 신비로워!
魔导书的力量，并非用来谋求名利，而是守护那些无辜的生命。,魔導書的力量，並非用來謀求名利，而是守護那些無辜的生命。,"The power of the magic book is not used to seek fame and fortune, but to protect those innocent lives.",魔導書の力は、名声や富を求めるためではなく、無垢な命を守るために使われる。,마도서의 힘은 명예와 부를 부를 위해 사용되는 것이 아니라 무고한 생명을 지키기 위해 사용된다.
无论黑暗如何笼罩，我都不会屈服。,無論黑暗如何籠罩，我都不會屈服。,"No matter how dark it is, I will not give in.",どんなに暗くても屈しない。,아무리 많은 어둠이 나를 감싸고 있어도 나는 절때 굴복하지 않을 것이야.
祖母，我会用您教导的力量，去创造一个更美好的世界。,祖母，我會用您教導的力量，去創造一個更美好的世界。,"Grandma, I will use the power of your teachings to create a better world.",おばあちゃん、私はあなたの教えの力を使って、より良い世界を作ります.,"할머니, 할머니께서 가르쳐 주신 힘으로 더 나은 세상을 만들겠습니다."
为和平而战，我义不容辞！,為和平而戰，我義不容辭！,It is my duty to fight for peace!,平和のために戦うのが私の義務です！,평화를 위해 싸우는 것이 나의 의무다!
只要有信念，这风之力量定能指引我前进。,只要有信念，這風之力量定能指引我前進。,"As long as I have faith, the power of this wind will definitely guide me forward.",信じる限り、この風の力はきっと私を導いてくれる。,믿음만 있다면 이 바람의 힘은 반드시 나를 앞으로 나아가도록 인도할 것이다.
我要打破这锁链的束缚，守护我所珍视的一切。,我要打破這鎖鏈的束縛，守護我所珍視的一切。,I will break the shackles of this chain and protect all that I hold dear.,この鎖の枷を断ち切り、大切なものを守り抜く。,나는 이 사슬의 속박를 부수고 내가 소중히 여기는 모든 것을 지킬 거야
友情是世界上最宝贵的财富，我们将携手共进，无惧风雨。,友情是世界上最寶貴的財富，我們將攜手共進，無懼風雨。,"Friendship is the most precious wealth in the world, we will go forward hand in hand without fear of wind and rain.",友情は世界で最も貴重な財産です。風雨を恐れず、手を取り合って進みます。,"우정은 세상에서 가장 소중한 재산이며 , 그 어떤 풍파에도 우리는 두려워하지 않고 함께 손을 잡고 앞으로 나아갈 것이다."
我们的命运掌握在自己手中，勇往直前吧！,我們的命運掌握在自己手中，勇往直前吧！,"Our destiny is in our own hands, let's go forward!",運命は自分の手で、前に進もう！,우리의 운명은 우리 손에 달려 있어. 용감하게 앞으로 나아가자!
纯洁的心将我引向天使的羽翼，水的力量在我手中流淌。,纯洁的心将我引向天使的羽翼，水的力量在我手中流淌。,"A pure heart leads me to angelic wings, and the power of water flows within my hands",純潔な心が私を天使の羽翼へ導き、水の力が私の手に流れています。,"순수한 마음이 나를 천사의 날개로 이끄고, 물의 힘이 내 손에서 흐릅니다"
我誓愿用水的柔和之力，守护大自然与生命的美好。,我誓愿用水的柔和之力，守护大自然与生命的美好。,I vow to use the gentle force of water to protect the beauty of nature and all living beings.,私は水の優しい力を使い、自然の美しさとすべての生き物を守ることを誓います。,나는 물의 부드러운 힘을 사용하여 자연의 아름다움과 모든 생명을 지키겠습니다.
友谊如澄澈清泉，我们共同怀抱着爱与和平。,友谊如澄澈清泉，我们共同怀抱着爱与和平。,"Friendship is like a clear spring, as we embrace love and peace together",友情は澄んだ泉のようで、愛と平和を共に抱きしめます。,"우정은 맑은 샘물처럼, 사랑과 평화를 함께 간직합니다"
风暴来临，我将用水的温柔抚平世界的波澜。,风暴来临，我将用水的温柔抚平世界的波澜。,"When storms approach, I will use the tender touch of water to calm the world's waves.",嵐が迫るとき、私は水の優しいタッチで世界の波をなだめます。,"폭풍이 다가올 때, 나는 물의 부드러운 손길로 세계의 물결을 가라앉힙니다"
冰冷的眼神，犀利的刀锋，我永远掌握生死。,冰冷的眼神，犀利的刀锋，我永远掌握生死。,I hold the power over life and death with my icy gaze and sharp blades.,冷たい眼差し、鋭い刃、私は常に生死を握っている,"차가운 눈빛, 날카로운 칼날, 나는 영원히 생사를 장악한다."
无论何时，我都是致命的引诱，隐藏的杀机。,无论何时，我都是致命的引诱，隐藏的杀机。,"No matter when, I am a deadly lure, concealing my hidden killing intent.",いつでも、私は致命的な誘惑、隠された殺意。,언제나 나는 살기를 숨기며 치명적인 유혹을 하지
兵器种类繁多，只要我能驾驭，敌人终将败北。,兵器种类繁多，只要我能驾驭，敌人终将败北。,"With a vast array of weapons at my disposal, I ensure the enemy's ultimate defeat",さまざまな兵器、私が扱える限り、敵は敗北する。,"무기의 종류가 다양하고, 내가 다룰 수만 있다면, 적은 결국 패배한다"
性感只是我外表的一部分，真正令人畏惧的是我精湛的战技。,性感只是我外表的一部分，真正令人畏惧的是我精湛的战技。,My sensuality is only a part of my appearance; what truly instills fear is my exquisite combat skills,セクシーさは私の外見の一部に過ぎない、真に恐れられるのは私の精巧な戦技だ。,"섹시함은 내 외모의 일부에 불과하며, 진정으로 두렵게 하는 것은 내 정교한 전투 기술이다."
既然来了，就帮一下你吧,既然來了，就幫一下你吧,"Now that you're here, let me help you",ここに来たからには、手伝いましょう,이제 왔으니 도와줄게
嗯？！干什么,嗯？ ！幹什麼,Um? ! what to do,えっと？ ！ 何をするか,음? ! 무엇을 해야할지
啊，真的是.我知道了,啊，真的是.我知道了,"ah , really . i see",ああ、そうですか。,"아, 정말. 알겠어"
切！,切！,cut!,カット！,자르다!
请多指教,請多指教,Please advise,アドバイスしてください,조언 부탁드립니다
只是叫一下你啦~,只是叫一下你啦~,just calling you~,ただ電話してるだけだよ～,너만 불러~
又要战斗了吗？好困....,又要戰鬥了嗎？好困....,Are you going to fight again? sleepy....,また戦うつもりですか？ 眠い....,다시 싸울 건가요? 졸린....
一起睡觉吗？嗯？,一起睡覺嗎？嗯？,Do you sleep together? Um?,一緒に寝ますか？ えっと？,같이 자나요? 음?
我真的是龙呀！真的！,我真的是龍呀！真的！,I’m really a dragon! Really!,私は本当に龍なんだよ！本当だよ！,나 진짜 용이에요! 정말이에요!
原来这个世界这样广阔~,原來這個世界這樣廣闊~,It turns out that the world is so vast~,世界はこんなに広いんだということが分かりましたね～,세상은 참 넓구나~
这样的服装只是为了人间的伦理道德呀。,這樣的服裝只是為了人間的倫理道德呀。,This kind of clothing is only for the ethics and morality of the world.,この種の服は、世界の倫理と道徳のためにのみ使用されます。,이런 옷은 오직 세상의 윤리와 도덕을 위한 것입니다.
这样的尝试也不是不可以，嗯！我想试试！,這樣的嘗試也不是不可以，嗯！我想試試！,"Such an attempt is not impossible, eh! I want to try it!",そのような試みは不可能ではありません、えっ！ 試してみたい！,"그런 시도는 불가능하지 않아, 에! 나는 그것을 시도하고 싶다!"
想要我帮忙？那你得用饼干来换！,想要我幫忙？那你得用餅乾來換！,Want my help? Then you'll have to trade cookies!,私の助けが必要ですか？ その場合はクッキーを交換する必要があります。,내 도움을 원해? 그런 다음 쿠키를 교환해야 합니다!
如果没了蛋糕，生命还有什么意义！！,如果沒了蛋糕，生命還有什麼意義！ ！,"If there is no cake, what is the meaning of life! !",ケーキがなかったら、人生に意味はありません！ ！,케이크가 없다면 인생의 의미는 무엇입니까! !
最喜欢了！,最喜歡了！,favourite!,お気に入り！,가장 좋아하는!
说什么啦！,說什麼啦！,What are you talking about!,あなたは何について話しているのですか！,무슨 얘기를 하는 건가요!
出-击~.....啊.迷路了,出-擊~.....啊.迷路了,out-strike~...ah. lost,アウトストライク～...ああ、負けた,아웃스트라이크~...아..졌다
嗯？,嗯？,Um?,えっと？,음?
唔..充电中~,唔..充電中~,Uh..charging~,えー、充電中～,어..충전~
好吵,好吵~,so noisy~,とてもうるさい〜,시끄러워~
嗨嗨~安琪大人登场~,嗨嗨~安琪大人登場~,"Hey, hey, Mrs. Angie is here~",おいおい、アンジーさんが来たよ～,"이봐, 앤지 부인이 왔어~"
什么嘛！,什麼嘛！,what the hell!,なんてこった！,도대체!
想吃一发我的火焰吗？~,想吃一發我的火焰嗎？ ~,Want to eat a shot of my fire? ~,私の火のショットを食べたいですか？ ～,내 불 한 잔 먹고 싶어? ~
我可是比二二酱还要大的！,我可是比二二醬還要大的！,I'm bigger than Er Er Jiang!,私はエル・ジアンよりも大きいです！,나는 Er Er Jiang보다 큽니다!
让我看看你是不是够格成为我的朋友,讓我看看你是不是夠格成為我的朋友,Let me see if you are worthy of being my friend,あなたが私の友達になるに値するかどうか見てみましょう,당신이 내 친구가 될 자격이 있는지 한번 볼까요?
嘻嘻，不服气？,嘻嘻，不服氣？,"Hee hee, not convinced?",おいおい、納得いかない？,"히히, 확신할 수 없나요?"
跟我来，保证你会有意想不到的惊喜！,跟我來，保證你會有意想不到的驚喜！,"Come with me, I guarantee you will have unexpected surprises!",一緒に来てください。予期せぬ驚きがあることを保証します。,저와 함께 가세요. 예상치 못한 놀라움을 겪게 되실 거라고 장담합니다!
让我满意可是需要一些真本事的,讓我滿意可是需要一些真本事的,It takes some real skill to satisfy me.,私を満足させるには、かなりのスキルが必要です。,나를 만족시키려면 진정한 기술이 필요합니다.
你是来陪我玩捉迷藏的吗?,你是來陪我玩捉迷藏的嗎?,Are you here to play hide and seek with me?,私とかくれんぼをしに来たんですか？,나와 함께 숨바꼭질을 하러 오셨나요?
别再敲我了嘛,別再敲我了嘛,Stop knocking me,私をノックするのはやめてください,그만 두드려
你觉得星星是不是在注视着我们呢,你覺得星星是不是在看著我們呢,Do you think the stars are watching us?,星たちが私たちを見ていると思いますか？,별들이 우리를 지켜보고 있다고 생각하시나요?
把我的梦想送向远方吧,把我的夢想送向遠方吧,Send my dreams far away,私の夢を遠くに送ってください,내 꿈을 멀리 보내주세요
"尊敬的领主大人,欢迎来到异世界",尊敬的領主大人，歡迎來到異世界,"Dear Lord, welcome to the other world",尊敬する領主様、異世界へようこそ！,"영주님, 다른 세계의 오신 것을 환영합니다"
现在让我们跟随任务指引，完成第一章节任务,現在讓我們跟隨任務指引，完成第一章節任務,"Now, let's follow the quest guide and complete the first chapter's tasks",私と一緒にチュートリアルに従い、第一章のクエストをクリアしましょう,이제 퀘스트 가이드를 따라 첫 번째 챕터의 임무를 완료합시다
领主大人，闯荡异世界没有伙伴可不行,領主大人，闖蕩異世界沒有夥伴可不行,"Lord, you cannot adventure in the other world without companions.",領主様、仲間なしでは、「異世界冒険の旅」とは言えませんよね,"영주님, 당신은 동료 없이는 다른 세계의 모험할 수 없습니다"
现在让我们来编辑一支队伍,現在讓我們來編輯一支隊伍,"Now, let's create a team",ではでは、自分のチームを編成しましょう,이제 팀을 편성해봅시다
领主大人，您做的非常棒！所编辑的队伍会显示在右侧队伍栏,領主大人，您做的非常棒！所編輯的隊伍會顯示在右側隊伍欄,"Great job, Lord! The team you created will be displayed in the team bar on the right side",素晴らしいです領主様！編成されたチームは、画面の右側に表示されますよ,"영주님, 정말 잘 하셨습니다! 편성한 팀은 오른쪽 팀 바에 표시됩니다."
现在让我们再次挑战野蛮人,現在讓我們再次挑戰野蠻人,"Now, let's challenge the barbarians once again",さあ、もう一度野蛮人にチャレンジ！,"이제, 다시 한 번 야만인에게 도전합시다"
领主大人，通过击败城外的野蛮人，我们解锁了新的活动区域,領主大人，通過擊敗城外的野蠻人，我們解鎖了新的活動區域,"Lord, by defeating the barbarians outside the city, we have unlocked a new event area",領主様、郊外の野蛮人を倒すことで、新しいエリアが解放されましたよ,"영주님, 성 밖의 야만인을 물리쳐 새로운 활동 지역을 해제했습니다"
并且获得了大量英雄经验，现在让我们尝试提升英雄实力,并且獲得了大量英雄經驗，現在讓我們嘗試提升英雄實力,"And we have gained a lot of hero experience. Now, let's try to enhance the heroes' strength",さらに、多くのヒーロー経験も獲得しました。ヒーローを強化してみましょう,그리고 많은 영웅 경험을 얻었습니다. 이제 영웅의 힘을 강화해 보자
现在您的英雄已经达到更高等级,現在您的英雄已經達到更高等級,"Now, your hero has reached a higher level",ヒーローはレベルアップしましたね,이제 귀하의 영웅이 더 높은 레벨에 도달했습니다
让我们尝试解锁一个新的技能槽,讓我們嘗試解鎖一個新的技能槽,Let’s try to unlock a new skill slot,新しいスキルスロットを解放してみましょう,새로운 스킬 슬롯을 해제해 봅시다
新的技能卡槽已经解锁,新的技能卡槽已經解鎖,The new skill slot has been unlocked,新しいスキルスロットが解放されました！,새로운 스킬 슬롯이 잠금 해제되었습니다
现在让我们尝试获得1个可装配的技能,現在讓我們嘗試獲得1個可裝配的技能,Now let's try to obtain a skill that can be equipped,次は、装着可能なスキルを、1つ獲得してみよう,이제 장착 가능한 기술 1개를 얻어 봅시다
恭喜领主大人，获得了一个新的技能,恭喜領主大人，獲得了一個新的技能,"Congratulations, Lord! You have obtained a new skill",おめでとうございます、領主様！新しいスキルを獲得しました,"축하합니다, 영주님! 새로운 스킬을 획득하셨습니다"
现在让我们来给英雄装配上这个技能,現在讓我們來給英雄裝配上這個技能,"Now, let's equip this skill to the hero",早速このスキルをヒーローに装着しましょう！,이제 이 스킬을 영웅에게 장착해봅시다
让我们跟随任务指引，继续完成主线任务,讓我們跟隨任務指引，繼續完成主線任務,Let’s Follow The Quest Guidance And Continue To Complete The Main Quest,クエストガイドに従ってメインクエストを続けましょう,퀘스트 안내를 따라 메인 퀘스트를 계속 완료합시다
领主大人，您做的非常棒！,領主大人，您做的非常棒！,"Great job, Lord!",素晴らしいです領主様！,"영주님, 정말 잘 하셨습니다!"
血脉即诅咒？那就让荆棘…吞噬月光！,血脈即詛咒？那就讓荊棘…吞噬月光！,Bloodline as curse? Then let thorns...devour moonlight!,血脈が呪いだって？ならば茨よ…月光を喰らい尽くすがいい,피는 저주라면… 가시덩굴로 달빛을 삼키리!
沉眠之地的低语，是叹息还是指引。,沉眠之地的低語，是嘆息還是指引。,Whispers from Slumbering Grounds—sighs or guidance?,沈黙の地の囁き——それは嘆きか、導きか,"잠든 땅의 속삭임, 탄식인가 길잡이인가"
混血是双倍礼物：精灵的星光，人类的篝火。,混血是雙倍禮物：精靈的星光，人類的營火。,"Hybridity is twofold gifts: elven starlight, mortal campfire.",混血は二重の賜物——エルフの星霜、人間の劫火,"혼혈은 두 배의 선물: 요정의 별빛, 인간의 모닥불"
荆棘在我血中生长...可月光却称我为孩子。,荊棘在我血中生長...可月光卻稱我為孩子。,Thorns grow in my veins...yet moonlight calls me child.,この血管を這う茨…なのに月明かりは私を『子ども』と呼ぶ,핏속에서 자라는 가시… 달빛은 날 아이라 부르네
我允许黑暗流过身体，但黎明必须留下！,我允許黑暗流過身體，但黎明必須留下來！,"I let darkness flow through me, but dawn shall stay!",暗黒はこの身を流すがいい！だが黎明は奪わせぬ,어둠은 내 몸을 흐르게 하되 새벽은 반드시 남으리!
他们说我在养剑？明明是剑在养活着人性。,他們說我在養劍？明明是劍在養活著人性。,They say I nurture the sword? 'Tis the blade sustaining humanity.,剣を飼ってる？違うな——この剣が人間性を飼育してるんだよ,내가 검을 기른다매? 검야말로 인성을 살리는 거지
杂碎的血纯度太低——我的剑都挑食了。,雜碎的血純度太低——我的劍都挑食了。,Vermin's blood is too impure—even my sword grows picky.,雑魚の血は不純物過ぎ…わが剣が贅沢なわがままを言いおって,잡종의 피는 순도 부족——검마저 입맛을 다시네
流经我右臂的污血，自动过滤成春日的樱花肥料！,流經我右臂的污血，自動過濾成春日的櫻花肥料！,Filth through my right arm transmutes to sakura fertilizer!,我が右腕を流れる穢れの血など——春の桜の肥料に変えてやる！,오른팔의 더러운 피는 저절로 벚꽃 거름으로!
领主大人，醒醒，快醒醒！,領主大人，醒醒，快醒醒！,"My Lord! Wake up, you must wake up!",領主様！ 目を覚ましてください、早く！,"영주님! 정신 차리세요, 어서 깨어나세요!"
...这是哪?,……這是哪？,...Where... is this place?,……ここは……どこ？,...여긴... 어디지?
星光指引我，魔力听从我。,星光指引我，魔力聽從我。,"Starlight guides me, magic obeys me.",星の光が私を導く、魔力は私に従う。,"별빛이 나를 인도하고, 마력은 내 명령을 따른다."
想偷看我的魔法书？小心它先把你燃成灰烬。,想偷看我的魔法書？小心它先把你燃成灰燼。,Trying to peek at my grimoire? Careful—it might burn you to ashes first.,あら？私の魔導書を覗こうなんて？ねえ、燃え尽きる前に気をつけたほうがいいわよ！,"내 마법서를 훔쳐보려고? 조심해, 먼저 널 재로 태울지도 몰라."
月光之下，你连哀嚎的时间都没有。,月光之下，你連哀嚎的時間都沒有。,"Under the moonlight, you won’t even have time to scream.",月光の下じゃ、呻く暇すら与えてあげないからね！,"달빛 아래, 넌 비명조차 지를 틈도 없을 거야."
闭上眼，也许你还能在梦中看见星光。,閉上眼，也許你還能在夢中看見星光。,Close your eyes—you might still see starlight in your dreams.,目を閉じなさい…もしかしたら、夢の中で星を見られるかもね？,"눈을 감아, 꿈속에서 별빛을 볼 수 있을지도 모르니까."
我的祭礼，不为光明，只为你存活。,我的祭禮，不為光明，只為你存活。,My ritual isn’t for light—it’s for your survival.,我が祭儀は…光明のためではなく、ただ汝が生きんがため。,내 의식은 빛을 위한 게 아니야. 오직 너의 생존을 위해서야.
别怕疼……代价，我替你偿还。,別怕疼……代價，我替你償還。,Don’t fear the pain… I’ll pay the price for you.,痛みを恐れるな…その代償は、私が払おう。,아픔을 두려워하지 마… 대가는 내가 치를게.
每一滴血，都是我爱的证明。,每一滴血，都是我愛的證明。,Every drop of blood is proof of my love.,流れる血の一滴一滴が…これぞ我が愛の証。,"피 한 방울조차도, 내가 너를 사랑한 증거야."
在夜火中哀鸣吧，凡人。,在夜火中哀鳴吧，凡人。,"Wail in the nightfire, mortal.",夜の炎の中で、呻け…凡人よ。,"밤의 불꽃 속에서 울부짖어라, 인간이여."
这里是主线任务,這裡是主線任務,This is the main quest,こちらが主な任務です,여기가 메인 임무입니다
选择编队按钮,選擇編隊按鈕,Select the Formation button,編成ボタンを選択,부대 편대 버튼 선택
点击队伍统帅位置,點擊隊伍統帥位置,Click on the team Commander position,部隊統帥の位置をクリック,팀 리더 위치를 클릭하세요
选择一名统帅,選擇一名統帥,Select a Commander,統帥を1名選択,리더 1명 선택
点击统帅士兵栏,點擊統帥士兵欄,Click on the Commander's soldier slot,統帥の兵士欄をクリック,리더 병사 칸 클릭
给统帅装配士兵,給統帥裝配士兵,Assign soldiers to the Commander,統帥に兵士を装備,리더에게 병사 장착
这里显示了您已设置好的队伍,這裡顯示了您已設置好的隊伍,This shows your configured formation,設定済み部隊がここに表示されます,설정된 팀이 여기에 표시됩니다
点击这里,點擊這裡,Click here,こちらをクリック,여기 클릭
可以快速补充士兵,可以快速補充士兵,Can quickly replenish soldiers,兵士を素早く補充可能,병사 신속 보충 가능
点击升级按钮,點擊升級按鈕,Click the Upgrade button,進級ボタンクリック,업그레이드 버튼 클릭
点击这里可以快速升级,點擊這裡可以快速升級,Click here for quick upgrade,こちらをクリックで素早く進級が可能,여기 클릭 빠르게 업그레이드
点击属性点按钮,點擊屬性點按鈕,Click the Attribute Points button,属性ポイントボタンをクリック,속성 포인트 버튼 클릭
选择推荐加点,選擇推薦加點,Choose recommended allocation,おすすめ配分ポイントを選択,추천 분배 선택
点击技能槽,點擊技能槽,Click the Skill Slot,スキルスロットをクリック,스킬 슬롯 클릭
确认解锁技能槽,確認解鎖技能槽,Confirm unlocking the skill slot,スキルスロット解除を確認,스킬 슬롯 해금 확인
选择英雄召唤,選擇英雄召喚,Select Hero Summon,ヒーロー召喚を選択,영웅 소환 선택
点击免费召唤,點擊免費召喚,Click Free Summon,無料召喚をクリック,무료 소환 클릭
选择新召唤的英雄,選擇新召喚的英雄,Select the newly summoned hero,新たに召喚したヒーローを選択,새로 소환된 영웅 선택
将其转换为1个技能,將其轉換為1個技能,Convert it into 1 skill,スキル1つに変換,스킬 1개로 전환
选择要转化的技能,選擇要轉化的技能,Select the skill to convert,変換するスキルを選択,전환할 스킬 선택
点击转化按钮,點擊轉化按鈕,Click the Convert button,変換ボタンをクリック,전환 버튼 클릭
选择技能,選擇技能,Select a skill,スキルを選択,스킬 선택
点击使用,點擊使用,Click Use,使用をクリック,사용 클릭
技能装配完毕,技能裝配完畢,Skill equipped successfully,スキル装備完了,스킬 장착 성공
现在让我们来学习一些热门搭配方案,現在讓我們來學習一些熱門搭配方案,Now let's learn popular combination plans,それでは、人気のプランをいくつか学んでみましょう,인기 조합 전략을 배워봅시다
这就是推荐的技能搭配方案,這就是推薦的技能搭配方案,This is the recommended skill combination,推奨スキル構成はこちらです,추천 스킬 조합은 여기 있습니다
现在让我们前往背包,現在讓我們前往背包,Now let's go to the Pack,バッグへ移動しましょう,이제 배낭로 가자
这里有一份礼物,這裡有一份禮物,Here is a gift,こちらが贈り物です,선물이에요
这是新获得的技能,這是新獲得的技能,This is a newly acquired skill,新規獲得スキルです,새로 획득한 스킬입니다
这里显示了我的建筑,這裡顯示了我的建築,Here is my buildings,私の建築はここに表示されています,내 건물이 여기에 표시됩니다
这里是我们当前所在的位置,這裡是我們當前所在的位置,This is our current location,現在地はこちらです,현재 위치가 표시됩니다
点击这里可以改变当前位置,點擊這裡可以改變當前位置,Click here to change current position,こちらで位置を変更可能,현재 위치를 변경하려면 여기를 클릭하세요
这里显示了我占领的矿点,這裡顯示了我佔領的礦點,This shows occupied resource points,占領した資源ポイントを表示,점령한 자원 포인트 표시
拖动编队头像,拖動編隊頭像,Drag the formation avatar,編成アイコンをドラッグ,팀 아이콘 드래그
可以移动你的队伍,可以移動你的隊伍,Can move your troops,部隊を移動できます,팀 이동 가능
这里可以查看大世界的详细规则,這裡可以查看大世界的詳細規則,Here can view great world rules here,大世界詳細ルールはこちら,여기에서 큰세계 규칙을 볼 수 있습니다
点击这里可以升级您的士兵,點擊這裡可以升級您的士兵,Click here to upgrade your soldiers,こちらで兵士を進級できます,여기서 병사 업그레이드 가능
这里可以查看正在升级的建筑,這裡可以查看正在升級的建築,Here can view buildings under upgrade here,進級中の建築物を確認,업그레이드 중인 건축물 확인
不要灰心,不要灰心,Don't be discouraged,落ち込まないで,좌절하지 마세요
让我们再次升级英雄,讓我們再次升級英雄,Let's upgrade the hero again,英雄をもう一度進級しましょう,영웅을 다시 업그레이드 봅시다
让我们尝试给英雄装配新技能,讓我們嘗試給英雄裝配新技能,Let's try equipping new skills to the hero,英雄に新スキルを装備してみましょう,영웅에게 새 스킬 장착해 보기
尝试邀请队友,嘗試邀請隊友,Try inviting teammates,仲間を招待してみる,팀원을 초대해보세요
选择一个频道,選擇一個頻道,Select a channel,チャンネルを選択,채널 선택
这里是经济相关的研究,這裡是經濟相關的研究,This is economy-related research,経済関連の研究,이건 경제 관련 연구입니다
这里是军事相关的研究,這裡是軍事相關的研究,This is military-related research,軍事関連の研究,이건 군사 관련 연구입니다
现在让我们研究一项科技,現在讓我們研究一項科技,Now let's research a technology,それでは、技術を研究しましょう,이제 과학을 연구해 봅시다
这里可以寻求盟友帮助我们加速,這裡可以尋求盟友幫助我們加速,Here can request allies to help accelerate,ここで盟友の加速支援を要請できます,동맹 가속 지원 요청 가능
派遣英雄可以收集大量物资,派遣英雄可以收集大量物資,Dispatch heroes to collect abundant resources,英雄を派遣し大量資源を収集,영웅 파견하여 대량 자원 수집
从这里可以进入荒原,從這裡可以進入荒原,Enter the Wilderness from here,こちらから荒原進入可能,황야 진입은 여기서
让我们选择一个关卡,讓我們選擇一個關卡,Let's select a level,ステージを選択しましょう,스테이지 선택해 봅시다
恭喜领主大人,恭喜領主大人,"Congratulations, Lord!",おめでとうございます、領主様！,"축하합니다, 영주님!"
我们获得了大量英雄技能,我們獲得了大量英雄技能,We've acquired numerous new hero skills,新たなヒーロースキルを多数獲得しました,많은 영웅 스킬을 획득했습니다
可以参考热门方案搭配,可以參考熱門方案搭配,You can refer to the popular plans to match your team,人気のプランを参考にできます,인기 계획을 참고할 수 있습니다
这里是热门方案,這裡是熱門方案,This is the Popular Plan,こちらは人気のプランです,인기 계획 목록입니다
这里是热门英雄,這裡是熱門英雄,This is the Popular Hero,こちらは人気ヒーローです,인기 영웅 목록입니다
现在让我们尝试提升英雄实力,現在讓我們嘗試提升英雄實力,Now let's try to enhance the hero's strength,さあ、ヒーローの実力を高めてみましょう,이제 영웅의 실력을 향상시켜 봅시다
点击召唤,點擊召喚,Click Summon,こちらで召喚,클릭 소환
点击前锋位置,點擊前鋒位置,Click Striker Position,こちらで前衛位置,아방가르드 위치 클릭
给前锋装配士兵,給前鋒裝配士兵,Equip Soldiers to the Striker,前衛に兵士を装備,아방가르드에게 병사 장착
